ra_deg,dec_deg,mag,name,hip
101.287215,-16.716116,-1.44,Sirius,32349
95.987925,-52.695660,-0.62,Canopus,30438
213.915450,19.182410,-0.05,Arcturus,69673
219.911475,-60.833976,-0.01,Rigil Kentaurus,71683
279.234600,38.783692,0.03,Vega,91262
79.172250,45.997991,0.08,Capella,24608
78.634470,-8.201640,0.18,Rigel,24436
114.825495,5.224993,0.40,Procyon,37279
24.428340,-57.236757,0.45,Achernar,7588
88.792935,7.407063,0.45,Betelgeuse,27989
210.955935,-60.373039,0.61,Hadar,68702
297.695820,8.868322,0.76,Altair,97649
186.649665,-63.099092,0.77,Acrux,60718
68.980155,16.509301,0.87,Aldebaran,21421
79.168890,46.000842,0.96,,
201.298245,-11.161322,0.98,Spica,65474
247.351920,-26.432002,1.06,Antares,80763
116.329155,28.026199,1.16,Pollux,37826
344.412570,-29.622236,1.17,Fomalhaut,113368
191.930385,-59.688764,1.25,Mimosa,62434
310.357980,45.280338,1.25,Deneb,102098
219.905190,-60.838300,1.35,Toliman,71681
152.092980,11.967207,1.36,Regulus,49669
104.656455,-28.972084,1.50,Adhara,33579
113.649510,31.888276,1.58,Castor,36850
187.791435,-57.113212,1.59,Gacrux,61084
263.402175,-37.103821,1.62,Shaula,85927
81.282765,6.349702,1.64,Bellatrix,25336
81.572970,28.607450,1.65,Elnath,25428
138.300615,-69.717208,1.67,Miaplacidus,45238
84.053385,-1.201920,1.69,Alnilam,26311
332.058135,-46.960975,1.73,Alnair,109268
85.189695,-1.942572,1.74,Alnitak,26727
122.383140,-47.336588,1.75,Gam-2 Vel,39953
193.507080,55.959821,1.76,Alioth,62956
51.080670,49.861180,1.79,Mirfak,15863
276.043020,-34.384616,1.79,Kaus Australis,90185
165.932325,61.751033,1.81,Dubhe,54061
107.097855,-26.393200,1.83,Wezen,34444
206.885310,49.313265,1.85,Alkaid,67301
125.628540,-59.509483,1.86,Avior,41037
264.329700,-42.997824,1.86,Sargas,86228
89.882235,44.947433,1.90,Menkalinan,28360
252.166155,-69.027715,1.91,Atria,82273
99.427920,16.399252,1.93,Alhena,31681
131.175885,-54.708821,1.93,Alsephina,42913
306.411885,-56.735090,1.94,Peacock,100751
37.946250,89.264109,1.97,Polaris,11767
95.674935,-17.955918,1.98,Mirzam,30324
141.896850,-8.658603,1.99,Alphard,46390
31.793325,23.462423,2.01,Hamal,9884
154.993095,19.841489,2.01,Algieba,50583
10.897350,-17.986605,2.04,Diphda,3419
283.816350,-26.296722,2.05,Nunki,92855
211.670925,-36.369954,2.06,Menkent,68933
2.096865,29.090432,2.07,Alpheratz,677
17.432910,35.620558,2.07,Mirach,5447
86.939115,-9.669605,2.07,Saiph,27366
222.676575,74.155505,2.07,Kochab,72607
340.666725,-46.884577,2.07,Tiaki,112122
263.733615,12.560035,2.08,Rasalhague,86032
47.042220,40.955648,2.09,Algol,14576
30.974760,42.329725,2.10,Almach,9640
177.264945,14.572060,2.14,Denebola,57632
14.177145,60.716740,2.15,Cih,4427
190.379565,-48.959888,2.20,Gam Cen,61932
120.896055,-40.003148,2.21,Naos,39429
139.272570,-59.275229,2.21,Aspidiske,45556
233.671920,26.714693,2.22,Alphecca,76267
136.999020,-43.432589,2.23,Suhail,44816
200.981205,54.925362,2.23,Mizar,65378
305.557095,40.256679,2.23,Sadr,100453
10.126740,56.537331,2.24,Schedar,3179
269.151555,51.488895,2.24,Eltanin,87833
83.001675,-0.299092,2.25,Mintaka,25930
2.293305,59.149780,2.28,Caph,746
204.971940,-53.466394,2.29,Eps Cen,66657
240.083355,-22.621710,2.29,Dschubba,78401
252.541200,-34.293232,2.29,Larawag,82396
220.482345,-47.388200,2.30,Alp Lup,71860
218.876790,-42.157824,2.33,Eta Cen,71352
165.460155,56.382427,2.34,Merak,53910
221.246760,27.074222,2.35,Izar,72105
326.046495,9.875011,2.38,Enif,107315
265.621980,-39.029983,2.39,Kap Sco,86670
6.570840,-42.305981,2.40,Ankaa,2081
178.457520,53.694760,2.41,Phecda,58001
257.594520,-15.724910,2.43,Sabik,84012
345.943515,28.082789,2.44,Scheat,113881
111.023760,-29.303104,2.45,Aludra,35904
319.644450,62.585573,2.45,Alderamin,105199
140.528430,-55.010668,2.47,Markeb,45941
311.552670,33.970256,2.48,Aljanah,102488
346.190220,15.205264,2.49,Markab,113963
45.569880,4.089734,2.54,Menkar,14135
249.289740,-10.567090,2.54,Zet Oph,81377
208.885005,-47.288375,2.55,Zet Cen,68002
168.527070,20.523717,2.56,Zosma,54872
241.359300,-19.805453,2.56,Acrab,78820
83.182560,-17.822289,2.58,Arneb,25985
182.089650,-50.722425,2.58,Del Cen,59196
183.951555,-17.541929,2.58,Gienah,59803
285.652980,-29.880105,2.60,Ascella,93506
229.251735,-9.382917,2.61,Zubeneschamali,74785
236.066970,6.425627,2.63,Unukalhai,77070
28.660020,20.808035,2.64,Sheratan,8903
84.912255,-34.074108,2.65,Phact,26634
89.930265,37.212585,2.65,Mahasim,28380
188.596815,-23.396759,2.65,Kraz,61359
21.453240,60.235283,2.66,Ruchbah,6686
208.671165,18.397717,2.68,Muphrid,67927
224.633055,-43.133960,2.68,Bet Lup,73273
74.248410,33.166090,2.69,Hassaleh,23015
161.692320,-49.420255,2.69,Mu Vel,52727
189.296085,-69.135564,2.69,Alp Mus,61585
262.690980,-37.295811,2.70,Lesath,85696
109.285665,-37.097470,2.71,Pi Pup,35264
275.248500,-29.828103,2.72,Kaus Media,89931
296.564910,10.613261,2.72,Tarazed,97278
243.586410,-3.694323,2.73,Yed Prior,79593
245.997900,61.514213,2.73,Athebyne,80331
160.739235,-64.394450,2.74,The Car,52419
190.415175,-1.449375,2.74,Porrima,61941
83.858265,-5.909901,2.75,Hatysa,26241
200.149440,-36.712295,2.75,Iot Cen,65109
222.719655,-16.041778,2.75,Zubenelgenubi,72622
265.868145,4.567303,2.76,Cebalrai,86742
76.962435,-5.086446,2.78,Cursa,23875
247.555020,21.489613,2.78,Kornephoros,80816
258.661905,14.390333,2.78,Rasalgethi,84345
183.786405,-58.748928,2.79,Imai,59747
262.608195,52.301387,2.79,Rastaban,85670
233.785215,-41.166757,2.80,Gam Lup,76297
82.061340,-20.759441,2.81,Nihal,25606
250.321695,31.602726,2.81,Zet Her,81693
6.418740,-77.254247,2.82,Bet Hyi,2021
248.970645,-28.216016,2.82,Paikauhale,81266
276.992685,-25.421700,2.82,Kaus Borealis,90496
3.308970,15.183596,2.83,Algenib,1067
121.886055,-24.304324,2.83,Tureis,39757
238.786245,-63.430727,2.83,Bet TrA,77952
58.533000,31.883635,2.84,Zet Per,18246
261.324975,-55.529884,2.84,Bet Ara,85258
262.960425,-49.876145,2.84,Alp Ara,85792
56.871150,24.105137,2.85,Alcyone,17702
195.544170,10.959150,2.85,Vindemiatrix,63608
326.760165,-16.127286,2.85,Deneb Algedi,107556
113.652405,31.890520,2.85,Alp Gem,
29.691765,-61.569859,2.86,Alp Hyi,9236
296.243610,45.130810,2.86,Fawaris,97165
95.740095,22.513586,2.87,Tejat,30343
229.727715,-68.679545,2.87,Gam TrA,74946
334.625565,-60.259587,2.87,Alp Tuc,110130
44.565345,-40.304672,2.88,Acamar,13847
287.440965,-21.023615,2.88,Albaldah,94141
111.787680,8.289315,2.89,Gomeisa,36188
194.007105,38.318380,2.89,Cor Caroli,63125
239.712975,-26.114105,2.89,Fang,78265
59.463450,40.010215,2.90,Eps Per,18532
245.297145,-25.592796,2.90,Alniyat,80112
322.889730,-5.571172,2.90,Sadalsuud,106278
46.199130,53.506440,2.91,Gam Per,14328
146.775540,-65.072007,2.92,Ups Car,48002
340.750560,30.221245,2.93,Matar,112158
102.483990,-50.614560,2.94,Tau Pup,32768
187.466085,-16.515432,2.94,Algorab,60965
331.445985,-0.319851,2.95,Sadalmelik,109074
59.507355,-13.508515,2.97,Zaurak,18543
84.411195,21.142549,2.97,Tianguan,26451
146.462820,23.774255,2.97,Ras Elased Australis,47908
271.452045,-30.424091,2.98,Alnasl,88635
199.730385,-23.171512,2.99,Gam Hya,64962
266.896170,-40.126997,2.99,Iot-1 Sco,87073
286.352535,13.863478,2.99,Okab,93747
32.385870,34.987297,3.00,Bet Tri,10064
167.415930,44.498487,3.00,Psi UMa,54539
230.182245,71.834016,3.00,Pherkad,75097
252.967635,-38.047380,3.00,Xamidimura,82514
328.482120,-37.364852,3.00,Aldhanab,108085
55.731240,47.787551,3.01,Del Per,17358
95.078295,-30.063367,3.02,Furud,30122
105.756135,-23.833291,3.02,Omi-2 CMa,33977
182.531190,-22.619766,3.02,Eps Crv,59316
75.492225,43.823308,3.03,Almaaz,23416
191.570190,-68.108119,3.04,Bet Mus,62322
218.019540,38.308253,3.04,Seginus,71075
292.680345,27.959681,3.05,Albireo,95947
305.252805,-14.781367,3.05,Dabih,100345
100.983030,25.131124,3.06,Mebsuta,32246
155.582325,41.499516,3.06,Tania Australis,50801
288.138375,67.661541,3.07,Altais,94376
274.406895,-36.761686,3.10,Eta Sgr,89642
133.848450,5.945563,3.11,Zet Hya,43813
162.406185,-16.193648,3.11,Nu Hya,52943
173.945445,-63.019841,3.11,Lam Cen,56561
309.391740,-47.291502,3.11,Alp Ind,101772
87.739935,-35.768309,3.12,Wazn,27628
134.802420,48.041826,3.12,Talitha,44127
254.655090,-55.990141,3.12,Zet Ara,83081
258.757965,24.839204,3.12,Sarin,84379
224.790375,-42.104194,3.13,Kap Cen,73334
140.263875,34.392562,3.14,Alp Lyn,45860
142.805565,-57.034377,3.16,,46701
258.761820,36.809162,3.16,Pi Her,84380
99.440295,-43.195934,3.17,Nu Pup,31685
143.215725,51.677300,3.17,The UMa,46853
257.196720,65.714683,3.17,Aldhibah,83895
281.414100,-26.990778,3.17,Phi Sgr,92041
76.628700,41.234474,3.18,Haedus,23767
220.627380,-64.975138,3.18,Alp Cir,71908
72.460035,6.961276,3.19,Tabit,22449
76.365270,-22.371032,3.19,Eps Lep,23685
254.417085,9.375033,3.19,Kap Oph,83000
267.464475,-37.043304,3.19,Fuyue,87261
318.234105,30.226916,3.21,Zet Cyg,104732
354.837300,77.632276,3.21,Errai,116727
230.343015,-40.647518,3.22,Del Lup,75141
244.580370,-4.692511,3.23,Yed Posterior,79882
275.327505,-2.898825,3.23,Eta Ser,89962
322.164930,70.560716,3.23,Alfirk,106032
102.047910,-61.941391,3.24,Alp Pic,32607
302.826195,-0.821461,3.24,The Aql,99473
112.307685,-43.301432,3.25,Sig Pup,36377
211.592895,-26.682361,3.25,Pi Hya,68895
226.017585,-25.281965,3.25,Brachium,73714
284.735925,32.689557,3.25,Sulafat,93194
56.809425,-74.238962,3.26,Gam Hyi,17678
9.831930,30.861024,3.27,Del And,3092
260.502405,-24.999545,3.27,The Oph,84970
343.662555,-15.820820,3.27,Skat,113136
78.232920,-16.205468,3.29,Mu Lep,24305
153.434415,-70.037903,3.29,Ome Car,50099
231.232410,58.966065,3.29,Edasich,75458
68.498970,-55.044975,3.30,Alp Dor,21281
158.006145,-61.685332,3.30,,51576
93.719415,22.506799,3.31,Propus,29655
261.348585,-56.377727,3.31,Gam Ara,85267
16.521105,-46.718414,3.32,Bet Phe,5165
46.294050,38.840274,3.32,Rho Per,14354
183.856290,57.032617,3.32,Megrez,59774
258.038280,-43.239189,3.32,Eta Sco,84143
269.756625,-9.773632,3.32,Nu Oph,88048
286.735050,-27.670423,3.32,Tau Sgr,93864
63.606060,-62.473858,3.33,Alp Ret,19780
168.560025,15.429570,3.33,Chertan,54879
117.323565,-24.859786,3.34,Azmidi,38170
28.598760,63.670101,3.35,Segin,8886
81.119235,-2.397146,3.35,Eta Ori,25281
101.322360,12.895591,3.35,Alzirr,32362
127.566465,60.718169,3.35,Muscida,41704
291.374580,3.114775,3.36,Del Aql,95501
230.670315,-44.689622,3.37,Eps Lup,75264
131.693805,6.418809,3.38,Ashlesha,43109
203.673300,-0.595820,3.38,Heze,66249
83.784495,9.934158,3.39,Meissa,26207
154.270800,-61.332304,3.39,,50371
193.900875,3.397470,3.39,Minelauva,63090
332.713620,58.201261,3.39,Zet Cep,109492
67.165575,15.870883,3.40,Chamukuy,20894
257.591745,-15.726921,3.40,,
22.091385,-43.318234,3.41,Gam Phe,6867
60.170070,12.490347,3.41,Lam Tau,18724
207.376170,-41.687709,3.41,Nu Cen,67464
228.071400,-52.099247,3.41,Zet Lup,74395
311.322165,61.838782,3.41,Eta Cep,102422
340.365495,10.831364,3.41,Homam,112029
28.270440,29.578829,3.42,Mothallah,8796
240.030540,-38.396706,3.42,Eta Lup,78384
266.614785,27.720676,3.42,Mu Her,86974
311.239710,-66.203212,3.42,Bet Pav,102395
137.742060,-58.966896,3.43,,45080
154.172565,23.417311,3.43,Adhafera,50335
286.562250,-4.882554,3.43,Lam Aql,93805
154.274280,42.914365,3.45,Tania Borealis,50372
12.273900,57.815187,3.46,Achird,3821
17.147460,-10.182264,3.46,Eta Cet,5364
119.194695,-52.982360,3.46,Chi Car,38827
228.875640,33.314833,3.46,Del Boo,74666
40.825170,3.235818,3.47,Kaffaljidhma,12706
207.404145,-42.473732,3.47,Mu Cen,67472
151.833135,16.762664,3.48,Eta Leo,49583
250.723995,38.922254,3.48,Eta Her,81833
26.017185,-15.937480,3.49,Tau Cet,8102
105.429780,-27.934830,3.49,Nganurganity,33856
169.619745,33.094306,3.49,Alula Borealis,55219
225.486540,40.390566,3.49,Nekkar,73555
276.743415,-45.968459,3.49,Alp Tel,90422
342.138585,-51.316864,3.49,Eps Gru,112623
102.460245,-32.508478,3.50,Kap CMa,32759
110.030745,21.982320,3.50,Wasat,35550
342.420300,66.200408,3.50,Iot Cep,112724
299.689275,19.492148,3.51,Gam Sge,98337
342.500775,24.601579,3.51,Sadalbari,112748
55.812090,-9.763395,3.52,Rana,17378
145.287645,9.892308,3.52,Subra,47508
149.215620,-54.567790,3.52,Phi Vel,48774
282.519975,33.362667,3.52,Sheliak,92420
284.432505,-21.106654,3.52,Xi-2 Sgr,93085
332.549940,6.197865,3.52,Biham,109427
190.412565,-1.449235,3.52,Gam Vir,
67.154145,19.180431,3.53,Ain,20889
124.128840,9.185545,3.53,Tarf,40526
173.250570,-31.857625,3.54,Xi Hya,56343
237.405030,-3.430208,3.54,Mu Ser,77516
264.396675,-15.398557,3.54,Xi Ser,86263
64.473555,-33.798348,3.55,Ups-4 Eri,20042
86.738925,-14.821950,3.55,Zet Lep,27288
214.850940,-46.058093,3.55,Iot Lup,69996
275.261040,72.732843,3.55,Chi Dra,89937
302.177355,-66.182068,3.55,Del Pav,99240
4.856985,-8.823921,3.56,Iot Cet,1562
34.127310,-51.512165,3.56,Phi Eri,10602
169.835205,-14.778541,3.56,Del Crt,55282
253.083945,-38.017536,3.56,Pipirima,82545
116.111895,24.397993,3.57,Kap Gem,37740
135.906405,47.156525,3.57,Alkaphrah,44471
217.957500,30.371437,3.57,Rho Boo,71053
230.451600,-36.261376,3.57,Phi-1 Lup,75177
109.523250,16.540383,3.58,Lam Gem,35350
304.513560,-12.544852,3.58,Algedi,100064
24.498075,48.628213,3.59,Nembus,7607
79.401630,-6.844409,3.59,Tau Ori,24674
86.115855,-22.448382,3.59,Gam Lep,27072
177.673830,1.764718,3.59,Zavijava,57757
185.340465,-60.401147,3.59,Ginan,60260
21.005850,-8.183257,3.60,The Cet,6537
103.197240,33.961254,3.60,The Gem,33018
130.073310,-52.921887,3.60,Omi Vel,42536
142.675110,-40.466769,3.60,Psi Vel,46651
234.256050,-28.135079,3.60,Ups Lib,76470
262.774770,-60.683848,3.60,Del Ara,85727
42.495945,27.260507,3.61,Bharani,13209
51.203310,9.028870,3.61,Omi Tau,15900
152.647005,-12.354083,3.61,Lam Hya,49841
195.566385,-71.548855,3.61,Del Mus,63613
266.433315,-64.723871,3.61,Eta Pav,86929
22.870875,15.345823,3.62,Alpherg,7097
57.290595,24.053415,3.62,Atlas,17847
116.313735,-37.968584,3.62,,37819
253.645965,-42.361313,3.62,Zet-2 Sco,82729
345.480255,42.325979,3.62,Omi And,113726
176.402115,-66.728763,3.63,Lam Mus,57363
309.387240,14.595087,3.64,Rotanev,101769
64.948335,15.627642,3.65,Prima Hyadum,20205
142.881795,63.061861,3.65,,46733
236.546895,15.421826,3.65,Bet Ser,77233
271.657800,-50.091477,3.65,The Ara,88714
337.207965,-0.019972,3.65,Zet-1 Aqr,110960
231.957270,29.105703,3.66,Nusakan,75695
234.664050,-29.777754,3.66,Tau Lib,76600
211.097475,64.375850,3.67,Thuban,68756
313.702470,-58.454155,3.67,Bet Ind,103227
72.801510,5.605104,3.68,Pi-4 Ori,22549
130.898085,-33.186385,3.68,Alp Pyx,42828
296.846925,18.534286,3.68,Del Sge,97365
347.361645,-21.172410,3.68,,114341
9.242820,53.896909,3.69,Fulu,2920
28.988460,-51.608896,3.69,Chi Eri,9007
75.619515,41.075837,3.69,Saclateni,23453
146.311755,-62.507903,3.69,,47854
176.512725,47.779406,3.69,Taiyangshou,57399
325.022715,-16.662308,3.69,Nashira,106985
49.879170,-21.757864,3.70,Tau-4 Eri,15474
269.441160,29.247880,3.70,Xi Her,87933
349.291410,3.282289,3.70,Gam Psc,114971
73.562895,2.440672,3.71,Pi-5 Ori,22797
89.101230,-14.167700,3.71,Eta Lep,28103
118.054320,-40.575786,3.71,,38414
237.704025,4.477730,3.71,Eps Ser,77622
271.837440,9.563847,3.71,,88771
298.828305,6.406763,3.71,Alshain,98036
53.232720,-9.458262,3.72,Ran,16537
56.218905,24.113339,3.72,Electra,17499
89.881665,54.284656,3.72,Del Aur,28358
316.232760,43.927852,3.72,Xi Cyg,104060
51.792300,9.732680,3.73,Xi Tau,16083
221.562180,1.892885,3.73,,72220
268.382010,56.872643,3.73,Grumium,87585
325.368795,-77.390046,3.73,Nu Oct,107089
343.153650,-7.579599,3.73,Lam Aqr,112961
27.865140,-10.335038,3.74,Baten Kaitos,8645
245.480070,19.153130,3.74,Gam Her,80170
318.697755,38.045317,3.74,Tau Cyg,104887
136.038720,-47.097737,3.75,,44511
266.973165,2.707276,3.75,Gam Oph,87108
83.406315,-62.489825,3.76,Bet Dor,26069
87.830355,-20.879089,3.76,Del Lep,27654
97.204455,-7.033062,3.76,Bet Mon,30867
286.170750,-21.741496,3.76,Omi Sgr,93683
292.426470,51.729779,3.76,Iot-2 Cyg,95853
337.822725,50.282491,3.76,Alp Lac,111169
42.674175,55.895496,3.77,Miram,13268
56.298480,42.578549,3.77,Nu Per,17529
65.733705,17.542514,3.77,Secunda Hyadum,20455
84.686535,-2.600069,3.77,Sig Ori,26549
126.434265,-66.136890,3.77,Bet Vol,41312
130.156545,-46.648744,3.77,,42570
252.446400,-59.041378,3.77,Eta Ara,82363
309.909525,15.912072,3.77,Sualocin,101958
321.666780,-22.411332,3.77,Zet Cap,105881
331.752705,25.345112,3.77,Iot Peg,109176
107.186820,-70.498932,3.78,Gam-2 Vol,34481
111.431685,27.798080,3.78,Iot Gem,36046
147.748005,59.038735,3.78,Ups UMa,48319
163.373385,-58.853171,3.78,,53253
220.287300,13.728300,3.78,Zet Boo,71795
311.918970,-9.495776,3.78,Albali,102618
47.373870,44.857544,3.79,Misam,14668
163.327890,34.214871,3.79,Praecipua,53229
48.018735,-28.987618,3.80,Dalim,14879
114.707790,-26.803836,3.80,,37229
233.700615,10.538867,3.80,Del Ser,76276
289.275600,53.368459,3.80,Kap Cyg,94779
303.407940,46.741329,3.80,,99675
68.887680,-30.562341,3.81,Theemin,21393
156.969735,-58.739403,3.81,,51232
235.685715,26.295637,3.81,Gam CrB,76952
354.390840,46.458152,3.81,Lam And,116584
30.511755,2.763759,3.82,Alrescha,9487
139.711035,36.802597,3.82,,45688
172.851105,69.331076,3.82,Giausar,56211
247.728435,1.983923,3.82,Marfik,80883
264.866205,46.006332,3.82,Iot Her,86414
156.522630,-16.836290,3.83,Mu Hya,51069
209.567790,-42.100753,3.83,Phi Cen,68245
221.965515,-79.044751,3.83,Alp Aps,72370
56.048895,-64.806903,3.84,Bet Ret,17440
56.079720,32.288248,3.84,Atik,17448
67.143720,15.962181,3.84,The-1 Tau,20885
133.761855,-60.644609,3.84,,43783
158.202795,9.306586,3.84,Rho Leo,51624
159.325755,-48.225620,3.84,,51986
188.117010,-72.132988,3.84,Gam Mus,61199
271.885620,28.762488,3.84,Omi Her,88794
273.440880,-21.058834,3.84,Polis,89341
297.042750,70.267930,3.84,Eps Dra,97433
63.500445,-42.294368,3.85,Alp Hor,19747
86.821185,-51.066514,3.85,Bet Pic,27321
95.528460,-33.436400,3.85,Del Col,30277
153.684105,-42.121942,3.85,,50191
188.370870,69.788238,3.85,Kap Dra,61281
189.425910,-48.541304,3.85,Tau Cen,61622
239.113230,15.661617,3.85,Gam Ser,78072
275.924505,21.769752,3.85,,90139
278.801775,-8.244073,3.85,Alp Sct,91117
14.188275,38.499345,3.86,Mu And,4436
69.545100,-14.304020,3.86,Sceptrum,21594
82.803135,-35.470519,3.86,Eps Col,25859
243.859455,-63.685682,3.86,Del TrA,79664
248.364135,-78.897148,3.86,Gam Aps,81065
269.063250,37.250539,3.86,The Her,87808
335.414070,-1.387331,3.86,Sadachbia,110395
56.456685,24.367748,3.87,Maia,17573
131.506860,-46.041527,3.87,,43023
209.669805,-44.803584,3.87,Ups-1 Cen,68282
220.765095,-5.658207,3.87,Mu Vir,71957
239.221155,-29.214073,3.87,Iklil,78104
298.118205,1.005661,3.87,Eta Aql,97804
2.352540,-45.747426,3.88,Eps Phe,765
28.382550,19.293852,3.88,Mesarthim,8832
148.190970,26.006951,3.88,Rasalas,48455
227.983770,-48.737819,3.88,Kap-1 Lup,74376
347.589600,-45.246711,3.88,Iot Gru,114421
44.106870,-8.898144,3.89,Azha,13701
103.533135,-24.184211,3.89,Omi-1 CMa,33152
138.591075,2.314280,3.89,The Hya,45336
184.976490,-0.666803,3.89,Zaniah,60129
299.076570,35.083424,3.89,Eta Cyg,98110
144.964005,-1.142810,3.90,Ukdah,47431
170.251755,-54.491019,3.90,Pi Cen,55425
202.761075,-39.407307,3.90,,65936
60.789090,5.989305,3.91,Nu Tau,18907
126.415140,-3.906424,3.91,,41307
187.009965,-50.230635,3.91,Sig Cen,60823
226.279545,-47.051245,3.91,Pi Lup,73807
233.881575,-14.789537,3.91,Zubenelhakrabi,76333
244.935165,46.313366,3.91,Tau Her,79992
255.072405,30.926405,3.92,Eps Her,83207
290.418165,-17.847197,3.92,Rho-1 Sgr,95168
318.955965,5.247845,3.92,Kitalpha,104987
6.550740,-43.679829,3.93,Kap Phe,2072
22.812765,-49.072702,3.93,Del Phe,7083
43.564425,52.762479,3.93,Tau Per,13531
69.079755,-3.352459,3.93,Nu Eri,21444
115.455060,-72.606098,3.93,Zet Vol,37504
167.147475,-58.975037,3.93,,54463
241.701780,-20.669192,3.93,Ome-1 Sco,78933
270.161310,2.931568,3.93,,88192
17.096130,-55.245760,3.94,Wurren,5348
115.311810,-9.551131,3.94,Alp Mon,37447
115.951950,-28.954826,3.94,,37677
131.171250,18.154309,3.94,Asellus Australis,42911
314.293395,41.167136,3.94,Nu Cyg,103413
30.859020,72.421294,3.95,,9598
99.170985,-19.255879,3.95,Nu-2 CMa,31592
200.984940,54.920471,3.95,Zet UMa,
62.165355,47.712513,3.96,,19343
89.786670,-42.815135,3.96,Eta Col,28328
135.160275,41.782911,3.96,,44248
137.819775,-62.316977,3.96,,45101
290.659545,-44.458965,3.96,Arkab Prior,95241
290.971545,-40.615940,3.96,Rukbat,95347
303.868005,47.714208,3.96,,99848
350.742630,-20.100580,3.96,,115438
66.009195,-34.016846,3.97,Beemim,20535
87.872490,39.148480,3.97,Nu Aur,27673
109.207620,-67.957152,3.97,Del Vol,35228
130.025595,-35.308352,3.97,Bet Pyx,42515
182.913030,-52.368460,3.97,Rho Cen,59449
237.739740,-33.627165,3.97,Chi Lup,77634
300.147675,-72.910504,3.97,Eps Pav,98495
337.317375,-43.495565,3.97,Del-1 Gru,110997
341.632815,23.565654,3.97,Lam Peg,112440
59.741250,35.791033,3.98,Menkib,18614
323.495250,45.591837,3.98,Rho Cyg,106481
30.001260,-21.077831,3.99,Ups Cet,9347
93.713880,-6.274776,3.99,Gam Mon,29651
156.098880,-74.031612,3.99,,50954
201.306195,54.987958,3.99,Alcor,65477
349.357470,-58.235734,3.99,Gam Tuc,114996
135.611655,-66.396076,4.00,Alp Vol,44382
170.981040,10.529509,4.00,Iot Leo,55642
242.998890,-19.460708,4.00,Jabbah,79374
25.915125,50.688732,4.01,Phi Per,8068
71.375625,-3.254657,4.01,Mu Eri,22109
106.027215,20.570297,4.01,Mekbuda,34088
108.702735,-26.772667,4.01,Ome CMa,35037
220.489980,-37.793498,4.01,,71865
240.472980,58.565251,4.01,The Dra,78527
244.960305,-50.155508,4.01,Gam-2 Nor,80000
280.758900,-71.428113,4.01,Zet Pav,91792
307.348890,30.368555,4.01,,101076
132.633060,-27.709844,4.02,Gam Pyx,43409
182.103375,-24.728875,4.02,Alchiba,59199
284.905665,15.068298,4.02,Eps Aql,93244
285.420120,-5.739115,4.02,,93429
34.328595,33.847194,4.03,Gam Tri,10670
75.854550,60.442245,4.03,Bet Cam,23522
131.674260,28.759898,4.03,Iot Cnc,43103
193.648500,-57.177924,4.03,Mu-1 Cru,63003
271.363695,2.500099,4.03,,88601
308.303205,11.303263,4.03,Aldulfin,101421
359.827875,6.863321,4.03,Ome Psc,118268
62.966415,-6.837581,4.04,Beid,19587
176.464830,6.529376,4.04,Nu Vir,57380
216.299505,51.850744,4.04,The Boo,70497
338.839080,-0.117498,4.04,Eta Aqr,111497
47.265075,49.613278,4.05,Iot Per,14632
124.630545,-76.919722,4.05,Alp Cha,40702
131.099805,-42.649276,4.05,,42884
170.284140,6.029322,4.05,Sig Leo,55434
207.369345,15.797905,4.05,Ups Boo,67459
215.139345,-37.885295,4.05,Psi Cen,70090
219.471810,-49.425828,4.05,Rho Lup,71536
342.397920,-13.592632,4.05,Tau-2 Aqr,112716
74.092815,13.514466,4.06,Omi-2 Ori,22957
113.980620,26.895741,4.06,Ups Gem,36962
171.220530,-17.684010,4.06,Gam Crt,55705
184.393755,-67.960736,4.06,Eps Mus,59929
184.609470,-64.003071,4.06,Zet Cru,60009
220.914360,-35.173655,4.06,,72010
254.896035,-53.160438,4.06,Eps-1 Ara,83153
214.003620,-6.000547,4.07,Syrma,69701
227.210910,-45.279857,4.07,Lam Lup,74117
229.378755,-58.801208,4.07,Bet Cir,74824
337.292745,58.415198,4.07,Del Cep,110991
11.834715,24.267178,4.08,Zet And,3693
35.437470,-68.659418,4.08,Del Hyi,11001
39.870660,0.328511,4.08,Del Cet,12387
45.597945,-23.624472,4.08,Tau-3 Eri,14146
103.547505,-12.038628,4.08,The CMa,33160
143.611065,-59.229753,4.08,,46974
164.943660,-18.298783,4.08,Alkes,53740
283.833735,43.946088,4.08,,92862
316.486770,-17.232861,4.08,The Cap,104139
320.521650,19.804508,4.08,,105502
84.226620,9.290673,4.09,Phi-2 Ori,26366
237.184905,18.141564,4.09,Gudja,77450
24.199485,41.405459,4.10,Titawin,7513
41.049510,49.228448,4.10,The Per,12777
117.309570,-46.373205,4.10,,38164
277.207575,-49.070588,4.10,Zet Tel,90568
287.507310,-39.340796,4.10,Bet CrA,94160
40.166715,-39.855375,4.11,Iot Eri,12486
105.939555,-15.633286,4.11,Muliphein,34045
129.410985,-42.989081,4.11,,42312
147.869550,-14.846603,4.11,Zhang,48356
158.867490,-78.607786,4.11,Gam Cha,51839
176.628480,-61.178398,4.11,,57439
234.180000,-66.317037,4.11,Eps TrA,76440
287.368035,-37.904474,4.11,Meridiana,94114
345.220155,-52.754137,4.11,Zet Gru,113638
39.896985,-68.266946,4.12,Eps Hyi,12394
63.724425,48.409331,4.12,Mu Per,19812
90.595830,9.647276,4.12,Mu Ori,28614
181.302255,8.732985,4.12,Omi Vir,58948
298.815390,-41.868288,4.12,Iot Sgr,98032
312.955380,-26.919133,4.12,Ome Cap,102978
337.439325,-43.749224,4.12,Del-2 Gru,111043
80.986785,-7.808065,4.13,,25247
97.240785,20.212133,4.13,Nu Gem,30883
238.456395,-16.729293,4.13,The Lib,77853
311.523900,-25.270898,4.13,Psi Cap,102485
341.515380,-81.381615,4.13,Bet Oct,112405
354.987660,5.626292,4.13,Iot Psc,116771
52.718235,12.936678,4.14,,16369
56.581560,23.948358,4.14,Merope,17608
129.414030,5.703782,4.14,Del Hya,42313
181.720305,-64.613730,4.14,Eta Cru,59072
233.232435,31.359133,4.14,The CrB,76127
239.396910,26.877880,4.14,Eps CrB,78159
326.161380,25.645036,4.14,Kap Peg,107354
333.992400,37.748737,4.14,,109937
107.966085,-0.492764,4.15,Del Mon,34769
260.920620,37.145946,4.15,Rho Her,85112
355.102035,44.333932,4.15,Kap And,116805
91.030065,23.263341,4.16,,28734
112.277925,31.784550,4.16,Rho Gem,36366
261.592560,-24.175309,4.16,,85340
8.249955,62.931783,4.17,Kap Cas,2599
57.363555,-36.200250,4.17,,17874
334.208475,-7.783290,4.17,Ancha,110003
213.223935,-10.273702,4.18,Kang,69427
214.096110,46.088305,4.18,Xuange,69732
249.093630,-35.255326,4.18,,81304
333.758160,57.043587,4.18,Eps Cep,109857
340.163910,-27.043617,4.18,Eps PsA,111954
207.361365,-34.450776,4.19,,67457
281.415525,20.546308,4.19,,92043
82.696050,5.948139,4.20,,25813
119.214750,-22.880119,4.20,,38835
156.970905,36.707212,4.20,Bet LMi,51233
248.525760,42.437041,4.20,Sig Her,81126
341.673240,12.172888,4.20,Xi Peg,112447
343.987080,-32.539628,4.20,Del PsA,113246
52.267230,59.940330,4.21,,16228
66.342330,22.293874,4.21,Kap-1 Tau,20635
251.492385,82.037262,4.21,Eps UMi,82080
307.395225,62.994105,4.21,The Cep,101093
321.610575,-65.366198,4.21,Gam Pav,105858
42.645945,38.318644,4.22,,13254
56.712060,-23.249723,4.22,Tau-6 Eri,17651
118.325670,-48.102934,4.22,,38518
241.648110,-36.802288,4.22,The Lup,78918
246.755985,-18.456251,4.22,Chi Oph,80569
275.189325,71.337814,4.22,Phi Dra,89908
281.793630,-4.747867,4.22,Bet Sct,92175
283.054320,-62.187593,4.22,Lam Pav,92609
283.626180,36.898613,4.22,Del-2 Lyr,92791
311.415645,30.719715,4.22,,102453
319.353975,39.394681,4.22,Sig Cyg,105102
348.580665,-6.049003,4.22,Phi Aqr,114724
5.012130,-64.874791,4.23,Zet Tuc,1599
115.828005,28.883510,4.23,Sig Gem,37629
197.968560,27.878183,4.23,Bet Com,64394
206.422065,-33.043721,4.23,,67153
210.411645,1.544532,4.23,Tau Vir,68520
242.192430,44.934906,4.23,Phi Her,79101
250.771890,-77.517435,4.23,Bet Aps,81852
286.604565,-37.063437,4.23,Gam CrA,93825
325.876905,58.780046,4.23,Mu Cep,107259
326.698365,49.309570,4.23,Pi-2 Cyg,107533
17.184195,86.257090,4.24,,5372
36.746325,-47.703840,4.24,Kap Eri,11407
41.030625,-13.858696,4.24,Pi Cet,12770
184.587180,-79.312240,4.24,Bet Cha,60000
188.436165,41.357480,4.24,Chara,61317
247.845555,-34.704366,4.24,,80911
265.353645,-12.875307,4.24,Omi Ser,86565
348.972885,-9.087737,4.24,Psi-1 Aqr,114855
18.940560,-68.875927,4.25,Kap Tuc,5896
61.646025,50.351262,4.25,Lam Per,19167
68.913585,10.160790,4.25,,21402
69.172620,41.264808,4.25,,21476
77.286600,-8.754081,4.25,Lam Eri,23972
125.708820,43.188131,4.25,Alsciaukat,41075
193.359105,-40.178872,4.25,,62896
216.881370,75.695993,4.25,,70692
326.362200,61.120806,4.25,Nu Cep,107418
17.375520,47.241792,4.26,Phi And,5434
26.348460,9.157736,4.26,Torcular,8198
49.979160,-43.069784,4.26,82 G. Eri,15510
53.446980,-21.632883,4.26,Tau-5 Eri,16611
64.006455,-51.486648,4.26,Gam Dor,19893
73.512540,66.342678,4.26,Alp Cam,22783
134.621760,11.857701,4.26,Acubens,44066
264.136815,-38.635308,4.26,,86170
270.376695,21.595782,4.26,,88267
330.947025,64.627971,4.26,Kurhah,108917
15.735870,7.890135,4.27,Eps Psc,4906
41.235585,10.114146,4.27,Mu Cet,12828
63.883575,8.892357,4.27,Mu Tau,19860
69.539415,12.510838,4.27,,21589
70.561260,22.956926,4.27,Tau Tau,21881
196.727700,-49.906246,4.27,Xi-2 Cen,64004
229.633455,-47.875272,4.27,Mu Lup,74911
290.804640,-44.799778,4.27,Arkab Posterior,95294
311.664600,16.124296,4.27,Gam-2 Del,102532
351.992070,6.378992,4.27,The Psc,115830
66.576915,22.813583,4.28,Ups Tau,20711
144.272265,81.326382,4.28,,47193
156.787950,-31.067779,4.28,Alp Ant,51172
261.838635,-29.867033,4.28,,85423
303.349320,56.567722,4.28,,99655
320.561640,-16.834542,4.28,Iot Cap,105515
332.496855,33.178224,4.28,Pi-2 Peg,109410
346.719750,-43.520358,4.28,The Gru,114131
54.218265,0.401662,4.29,,16852
79.893855,-13.176788,4.29,Lam Lep,24845
159.826680,-55.603268,4.29,,52154
178.227195,-33.908124,4.29,Bet Hya,57936
236.014485,77.794493,4.29,Zet UMi,77055
247.784865,-16.612733,4.29,Phi Oph,80894
331.609290,-13.869679,4.29,Iot Aqr,109139
337.876350,-32.346073,4.29,Bet PsA,111188
354.534150,43.268073,4.29,Iot And,116631
14.651490,-29.357449,4.30,Alp Scl,4577
37.039755,8.460054,4.30,Xi-2 Cet,11484
56.302050,24.467278,4.30,Taygeta,17531
57.149445,-37.620155,4.30,,17797
66.372420,17.927910,4.30,Del-3 Tau,20648
89.983755,45.936736,4.30,Pi Aur,28404
130.806150,3.398662,4.30,Eta Hya,42799
163.903350,24.749718,4.30,,53417
174.237210,-0.823749,4.30,Ups Leo,56647
177.421155,-63.788478,4.30,,57669
188.017650,-16.196007,4.30,Eta Crv,61174
215.081445,-56.386497,4.30,,70069
304.411950,-12.508212,4.30,Alp-1 Cap,100027
130.154295,-59.761003,4.31,,42568
216.732015,-83.667884,4.31,Del Oct,70638
231.122715,37.377167,4.31,Alkalurops,75411
241.851360,-20.868764,4.31,Ome-2 Sco,78990
309.584505,-1.105121,4.31,,101847
54.122385,48.192634,4.32,Psi Per,16826
70.110465,-19.671493,4.32,,21763
83.053125,18.594234,4.32,,25945
93.844560,29.498076,4.32,Kap Aur,29696
131.593905,-13.547720,4.32,,43067
142.930125,22.967971,4.32,Alterf,46750
180.756705,-63.312930,4.32,The-1 Cru,58758
197.497035,17.529431,4.32,Diadem,64241
207.956685,-32.994089,4.32,,67669
222.909615,-43.575359,4.32,Omi Lup,72683
260.206920,-12.846875,4.32,Nu Ser,84880
112.040805,8.925530,4.33,Gam CMi,36284
193.278870,-48.943315,4.33,,62867
216.545040,-45.379276,4.33,Tau-2 Lup,70576
258.837540,-26.602829,4.33,Guniibuu,84405
272.145000,-63.668553,4.33,Pi Pav,88866
274.965465,36.064547,4.33,Kap Lyr,89826
169.546770,31.528783,4.33,Alula Australis,
9.220200,33.719344,4.34,Pi And,2912
9.639030,29.311751,4.34,Eps And,3031
17.775255,55.149901,4.34,The Cas,5542
86.193345,-65.735526,4.34,Del Dor,27100
97.964025,-23.418422,4.34,Xi-1 CMa,31125
125.161725,-77.484477,4.34,The Cha,40888
139.050360,-57.541473,4.34,,45496
144.206580,-49.355026,4.34,,47175
210.431220,-45.603421,4.34,Ups-2 Cen,68523
234.513480,-42.567348,4.34,Ome Lup,76552
261.628665,4.140360,4.34,Sig Oph,85355
281.193135,37.605115,4.34,Zet-1 Lyr,91971
281.755290,18.181519,4.34,,92161
326.127900,17.350017,4.34,,107348
337.382595,47.706887,4.34,,111022
47.907330,19.726677,4.35,Botein,14838
72.653010,8.900176,4.35,Pi-2 Ori,22509
98.744100,-52.975607,4.35,,31407
104.319180,58.422759,4.35,,33449
121.982595,-68.617062,4.35,Eps Vol,39794
132.108210,5.837812,4.35,Rho Hya,43234
186.734490,28.268423,4.35,Gam Com,60742
229.457670,-30.148673,4.35,,74857
263.053770,86.586460,4.35,Yildun,85822
275.806755,-61.493901,4.35,Xi Pav,90098
289.092060,38.133731,4.35,The Lyr,94713
326.236695,-33.025781,4.35,Iot PsA,107380
7.885875,-62.958218,4.36,Bet-1 Tuc,2484
10.838505,-57.463060,4.36,Eta Phe,3405
33.249975,8.846717,4.36,Xi-1 Cet,10324
52.643685,47.995216,4.36,Sig Per,16335
61.173795,22.081926,4.36,,19038
73.223625,-5.452695,4.36,Ome Eri,22701
78.307830,-12.941291,4.36,Kap Lep,24327
89.384205,-35.283280,4.36,Gam Col,28199
104.034270,-17.054242,4.36,Iot CMa,33347
122.148540,-2.983786,4.36,Zet Mon,39863
211.511550,-41.179633,4.36,Chi Cen,68862
294.180330,-1.286601,4.36,Iot Aql,96468
0.490080,-6.014072,4.37,,154
94.138065,-35.140519,4.37,Kap Col,29807
109.677030,-24.954375,4.37,Tau CMa,35415
165.038580,-42.225859,4.37,,53773
272.189550,20.814557,4.37,,88886
299.934075,-35.276305,4.37,The-1 Sgr,98412
197.487465,-5.539010,4.38,The Vir,64238
302.222175,77.711419,4.38,Kap Cep,99255
351.511620,-20.642014,4.38,,115669
353.242680,-37.818268,4.38,Bet Scl,116231
28.411530,-46.302669,4.39,Psi Phe,8837
57.380355,65.525972,4.39,,17884
83.705160,9.489579,4.39,Phi-1 Ori,26176
88.595790,20.276174,4.39,Chi-1 Ori,27913
95.942025,4.592865,4.39,Eps Mon,30419
120.566400,2.334571,4.39,,39311
151.976130,9.997508,4.39,,49637
225.725160,2.091303,4.39,,73620
253.501965,10.165359,4.39,Iot Oph,82673
260.251515,-21.112933,4.39,Xi Oph,84893
295.024125,18.013890,4.39,Sham,96757
295.262250,17.476041,4.39,Bet Sge,96837
319.966440,-53.449427,4.39,The Ind,105319
14.301675,23.417648,4.40,Eta And,4463
117.021540,-25.937169,4.40,Omi Pup,38070
122.256825,-19.245014,4.40,,39906
284.237655,-67.233495,4.40,Kap Pav,93015
329.479395,-54.992575,4.40,Del Ind,108431
102.463815,-53.622449,4.41,,32761
107.784885,30.245163,4.41,Tau Gem,34693
215.759340,-39.511819,4.41,,70300
262.684620,26.110645,4.41,Maasym,85693
269.625615,30.189277,4.41,Nu Her,87998
319.479480,34.896898,4.41,Ups Cyg,105138
346.974345,75.387496,4.41,Pi Cep,114222
349.475895,-9.182513,4.41,Psi-2 Aqr,115033
349.705995,-32.532027,4.41,Gam Scl,115102
91.893015,14.768472,4.42,Nu Ori,29038
99.472590,-18.237478,4.42,Nu-3 CMa,31700
108.384555,-44.639739,4.42,,34922
108.563385,-26.352507,4.42,,34981
123.512145,-40.347890,4.42,,40326
165.582405,20.179842,4.42,,53954
222.572205,-27.960371,4.42,,72571
236.610900,7.353073,4.42,Lam Ser,77257
270.438330,1.305076,4.42,,88290
335.890125,52.229046,4.42,Bet Lac,110538
351.344895,23.404101,4.42,Alkarab,115623
56.535555,-12.101589,4.43,Pi Eri,17593
63.818055,-7.652871,4.43,Keid,19849
74.321700,53.752101,4.43,,23040
288.439530,39.145968,4.43,Aladfar,94481
300.664485,-27.709845,4.43,,98688
305.965065,32.190172,4.43,,100587
310.864725,15.074581,4.43,Del Del,102281
311.934315,-5.027701,4.43,,102624
3.660075,-18.932866,4.44,,1170
12.170595,7.585079,4.44,Del Psc,3786
64.121070,-59.302156,4.44,Eps Ret,19921
70.140585,-41.863752,4.44,Alp Cae,21770
94.905780,59.010964,4.44,,30060
113.513265,-22.296067,4.44,,36795
122.839560,-39.618545,4.44,,40091
124.638870,-36.659288,4.44,,40706
218.154435,-50.457157,4.44,Sig Lup,71121
292.176405,24.664905,4.44,Anser,95771
25.357890,5.487613,4.45,Nu Psc,7884
42.272535,-32.405898,4.45,Bet For,13147
78.074595,-11.869219,4.45,Iot Lep,24244
92.984985,14.208765,4.45,Xi Ori,29426
129.689325,3.341435,4.45,Minchir,42402
135.022575,-41.253605,4.45,,44191
158.897100,-57.557636,4.45,,51849
161.446305,-80.540188,4.45,Del-2 Cha,52633
169.165425,-3.651601,4.45,Phi Leo,55084
248.034165,-21.466390,4.45,Ome Oph,80975
288.888435,73.355468,4.45,Tau Dra,94648
293.522295,7.378941,4.45,Mu Aql,96229
37.266555,67.402474,4.46,Iot Cas,11569
58.572930,-2.954730,4.46,,18255
78.322845,2.861265,4.46,Rho Ori,24331
137.217945,51.604648,4.46,,44901
167.914530,-22.825847,4.46,Bet Crt,54682
182.021820,-50.661278,4.46,,59173
246.796005,-47.554786,4.46,Eps Nor,80582
343.131405,-32.875504,4.46,Gam PsA,112948
41.275725,-18.572563,4.47,Tau-1 Eri,12843
50.084835,29.048458,4.47,,15549
74.637090,1.714016,4.47,Pi-6 Ori,23123
97.042545,-32.580070,4.47,Lam CMa,30788
98.225940,7.332965,4.47,,31216
119.560170,-49.244912,4.47,,38957
136.286775,-72.602705,4.47,,44599
141.163590,26.182324,4.47,Kap Leo,46146
143.706075,52.051477,4.47,,47006
177.786285,-45.173470,4.47,,57803
218.670000,29.745130,4.47,Sig Boo,71284
224.295825,-4.346462,4.47,,73165
318.620055,10.006981,4.47,Del Equ,104858
331.528710,-39.543353,4.47,Lam Gru,109111
11.181300,48.284364,4.48,Omi Cas,3504
60.224190,-62.159284,4.48,Gam Ret,18744
66.586410,15.618265,4.48,,20713
101.965200,2.412159,4.48,,32578
151.984500,-0.371637,4.48,Alp Sex,49641
230.844375,-59.320787,4.48,Gam Cir,75323
246.025770,-20.037327,4.48,Psi Oph,80343
345.969225,3.820045,4.48,Fumalsamakah,113889
346.670175,-23.743115,4.48,,114119
30.489660,70.907020,4.49,,9480
68.377350,-29.766492,4.49,Ups-1 Eri,21248
100.997055,13.228017,4.49,,32249
108.140250,-46.759305,4.49,,34834
118.161030,-38.862812,4.49,,38455
151.857315,35.244693,4.49,,49593
220.181520,16.418324,4.49,Pi-1 Boo,71762
294.110580,50.221103,4.49,The Cyg,96441
316.781955,-25.005853,4.49,,104234
326.035650,28.742632,4.49,Mu-1 Cyg,107310
355.511685,1.780041,4.49,Lam Psc,116928
355.680585,-14.544905,4.49,Ome-2 Aqr,116971
359.978910,-65.577132,4.49,Eps Tuc,118322
84.796440,4.121467,4.50,Ome Ori,26594
87.456765,-56.166663,4.50,Gam Pic,27530
131.677305,-56.769776,4.50,,43105
155.228355,-56.043220,4.50,,50676
176.996430,20.218931,4.50,,57565
206.815650,17.456906,4.50,Tau Boo,67275
303.942240,27.814242,4.50,,99874
317.398530,-11.371693,4.50,Nu Aqr,104459
322.180815,-21.807180,4.50,,106039
332.095830,-32.988468,4.50,Mu PsA,109285
333.469680,39.714927,4.50,,109754
340.128495,44.276305,4.50,,111944
4.581945,36.785224,4.51,Sig And,1473
17.915130,30.089638,4.51,Tau Psc,5586
87.293505,39.181071,4.51,Tau Aur,27483
142.311345,-35.951335,4.51,Eps Ant,46515
144.837585,-61.328060,4.51,,47391
235.387740,19.670401,4.51,Iot Ser,76852
300.704400,67.873565,4.51,Rho Dra,98702
311.009490,-51.920971,4.51,Eta Ind,102333
324.270120,-19.466011,4.51,Eps Cap,106723
336.832965,-64.966354,4.51,Del Tuc,110838
358.595970,57.499382,4.51,Rho Cas,117863
41.977200,29.247118,4.52,Lilii Borea,13061
200.658165,-60.988393,4.52,,65271
201.001920,-64.535668,4.52,,65387
214.777470,-13.371095,4.52,Khambalia,69974
226.111470,26.947649,4.52,Psi Boo,73745
272.807355,-45.954418,4.52,Eps Tel,89112
290.431755,-15.955018,4.52,Ups Sgr,95176
311.338170,57.579725,4.52,,102431
322.487055,23.638838,4.52,,106140
337.621920,43.123376,4.52,,111104
7.889190,-62.965561,4.53,Bet-2 Tuc,2487
12.453510,41.078911,4.53,Nu And,3881
90.013950,-3.074253,4.53,,28413
114.342135,-34.968530,4.53,,37096
213.370770,51.789965,4.53,Kap-2 Boo,69483
261.657840,-5.086596,4.53,,85365
266.890110,-27.830788,4.53,,87072
311.852235,36.490717,4.53,Lam Cyg,102589
348.137400,49.406207,4.53,,114570
79.544025,33.371613,4.54,,24727
98.764110,-22.964793,4.54,Xi-2 CMa,31416
142.995540,-1.184664,4.54,Tau-2 Hya,46776
143.555760,36.397558,4.54,,46952
143.620545,69.830343,4.54,,46977
222.847395,19.100460,4.54,Xi Boo,72659
228.055380,-19.791710,4.54,Iot-1 Lib,74392
230.788965,-36.858489,4.54,Phi-2 Lup,75304
299.236800,-27.169899,4.54,,98162
346.751085,9.409492,4.54,,114144
352.288725,12.760554,4.54,,115919
0.934950,-17.335988,4.55,,301
52.478100,58.878750,4.55,,16281
76.101600,-35.482978,4.55,Gam-1 Cae,23595
105.016215,76.977408,4.55,,33694
112.449090,12.006564,4.55,,36425
148.026495,54.064332,4.55,Phi UMa,48402
233.971890,-44.958389,4.55,,76371
245.159085,-24.169320,4.55,Omi Sco,80079
272.020740,-28.457093,4.55,,88839
325.479780,71.311417,4.55,,107119
335.256420,46.536569,4.55,,110351
336.129135,49.476392,4.55,,110609
42.878490,35.059741,4.56,,13328
59.686425,-61.400185,4.56,Del Ret,18597
88.331850,27.612262,4.56,,27830
136.632375,38.452215,4.56,,44700
168.800955,23.095502,4.56,,54951
216.534285,-45.221424,4.56,Tau-1 Lup,70574
263.914980,-46.505684,4.56,Sig Ara,86092
313.032015,27.096979,4.56,,103004
316.650390,47.648403,4.56,,104194
54.273660,-40.274545,4.57,,16870
246.353970,14.033270,4.57,Cujam,80463
246.396330,-23.447178,4.57,Rho Oph,80473
265.484670,72.148843,4.57,Dziban,86614
283.687020,22.645076,4.57,,92818
287.087340,-40.496703,4.57,Del CrA,94005
298.365390,24.079614,4.57,,97886
83.846520,-4.838358,4.58,,26237
147.919470,-46.547620,4.58,,48374
160.884585,-60.566619,4.58,,52468
198.073380,-59.920579,4.58,,64425
207.858075,64.723272,4.58,,67627
243.075855,-27.926372,4.58,,79404
264.461310,-8.118771,4.58,Mu Oph,86284
350.159340,23.740337,4.58,Salm,115250
10.331490,-46.085007,4.59,Mu Phe,3245
55.708620,-37.313518,4.59,,17351
57.589530,71.332266,4.59,Gam Cam,17959
81.709290,3.095674,4.59,Psi-2 Ori,25473
130.053600,64.327936,4.59,Pi-2 UMa,42527
142.287075,-2.768964,4.59,Tau-1 Hya,46509
154.903155,-55.029305,4.59,,50555
168.150075,-60.317625,4.59,,54751
237.398550,26.068394,4.59,Del CrB,77512
238.402995,-25.327142,4.59,,77840
281.094915,39.612721,4.59,Eps-2 Lyr,91926
294.176790,-24.883623,4.59,,96465
357.231405,-28.130268,4.59,Del Scl,117452
64.560840,50.295502,4.60,,20070
151.281120,-13.064626,4.60,Ups-2 Hya,49402
164.179335,-37.137765,4.60,Iot Ant,53502
221.310255,16.964280,4.60,Omi Boo,72125
231.334275,-38.733620,4.60,,75501
238.168545,42.451518,4.60,Chi Her,77760
290.167005,65.714531,4.60,Pi Dra,95081
1.333920,-5.707618,4.61,,443
4.272945,38.681636,4.61,The And,1366
28.388955,3.187536,4.61,Xi Psc,8833
47.822445,39.611582,4.61,Ome Per,14817
111.678555,49.211527,4.61,,36145
119.966880,-18.399228,4.61,,39095
233.544570,-10.064529,4.61,,76219
308.475780,35.250852,4.61,,101474
14.166480,59.181056,4.62,Castula,4422
59.981175,-24.016215,4.62,Tau-9 Eri,18673
75.773940,21.589962,4.62,Iot Tau,23497
82.982745,-7.301537,4.62,Ups Ori,25923
137.011995,-25.858536,4.62,Kap Pyx,44824
166.254285,7.336007,4.62,Chi Leo,54182
166.635225,-62.424113,4.62,,54301
173.690325,-54.264091,4.62,,56480
191.594715,-56.488815,4.62,,62327
193.663335,-59.146701,4.62,Lam Cru,63007
246.950775,-8.371731,4.62,Ups Oph,80628
270.120870,-3.690269,4.62,Zet Ser,88175
278.375745,-42.312510,4.62,The CrA,90982
284.054925,4.203595,4.62,Alya,92946
44.803020,21.340429,4.63,Eps Ari,13914
115.884945,-28.410885,4.63,,37648
118.265160,-49.613044,4.63,,38500
130.918230,-7.233730,4.63,,42835
138.937830,-37.413144,4.63,,45448
189.968910,-39.987302,4.63,,61789
205.184505,54.681634,4.63,,66738
224.396145,65.932460,4.63,,73199
237.744780,-25.751295,4.63,,77635
240.883965,-57.775064,4.63,Iot-1 Nor,78662
277.843440,-62.278302,4.63,Nu Pav,90797
282.800220,59.388351,4.63,Omi Dra,92512
359.439705,25.141401,4.63,Psi Peg,118131
58.427925,-24.612230,4.64,Tau-8 Eri,18216
73.723860,10.150833,4.64,Pi-1 Ori,22845
90.979935,20.138452,4.64,Chi-2 Ori,28716
206.664060,-51.432766,4.64,,67234
234.844485,36.635812,4.64,Zet-1 CrB,76669
235.297575,-44.661205,4.64,,76829
252.458445,-10.783000,4.64,,82369
259.417755,37.291498,4.64,,84606
271.826505,8.733867,4.64,,88765
291.629535,0.338570,4.64,Nu Aql,95585
308.827230,14.674213,4.64,Zet Del,101589
339.343485,51.545123,4.64,,111674
346.045530,50.052091,4.64,,113919
40.862970,27.707146,4.65,,12719
68.462145,14.844424,4.65,Rho Tau,21273
76.142295,15.404105,4.65,,23607
88.524870,-63.089627,4.65,,27890
109.576650,-36.733962,4.65,,35363
112.677510,-30.962281,4.65,,36514
113.845410,-28.369323,4.65,,36917
156.851970,-57.638805,4.65,,51192
180.218295,6.614322,4.65,Pi Vir,58590
240.803685,-49.229695,4.65,Eta Nor,78639
142.676460,-40.465622,4.65,,
17.863410,21.034650,4.66,Chi Psc,5571
27.396270,-10.686410,4.66,Chi Cet,8497
100.244415,9.895754,4.66,,31978
103.905960,-20.136497,4.66,Pi CMa,33302
109.145805,-27.881179,4.66,,35205
130.821465,21.468501,4.66,Asellus Borealis,42806
136.409910,-70.538497,4.66,,44626
163.494720,43.189956,4.66,Ome UMa,53295
189.811530,-7.995564,4.66,Chi Vir,61740
190.647870,-48.813109,4.66,,62012
234.941580,-34.411926,4.66,Psi-1 Lup,76705
271.255110,-29.580087,4.66,Gam-1 Sgr,88567
274.513290,-27.042641,4.66,,89678
275.914935,-8.934383,4.66,Zet Sct,90135
300.275190,27.753573,4.66,,98543
18.437280,24.583713,4.67,Phi Psc,5742
52.341840,49.508948,4.67,,16244
63.722145,40.483671,4.67,,19811
69.818745,15.917977,4.67,Sig-2 Tau,21683
91.538850,-14.935254,4.67,The Lep,28910
123.053025,17.647771,4.67,Tegmine,40167
137.729115,63.513633,4.67,Tau UMa,45075
270.014235,16.750919,4.67,,88128
277.299390,-14.565813,4.67,Gam Sct,90595
281.084760,39.670123,4.67,Eps-1 Lyr,91919
293.087235,69.661175,4.67,Alsafi,96100
315.322755,-32.257767,4.67,Gam Mic,103738
23.482920,59.232040,4.68,Chi Cas,7294
28.733580,-67.647303,4.68,Eta-2 Hyi,8928
31.122660,-29.296819,4.68,Nu For,9677
44.690280,39.662728,4.68,Pi Per,13879
134.080290,-52.723475,4.68,,43878
144.613695,4.649293,4.68,,47310
150.053355,8.044223,4.68,Pi Leo,49029
159.680055,31.976237,4.68,,52098
202.991190,-6.255816,4.68,,66006
203.613750,49.015973,4.68,,66234
245.086785,-78.695745,4.68,Del-1 Aps,80047
294.844185,30.153321,4.68,Phi Cyg,96683
324.437955,-7.854201,4.68,Bunda,106786
340.896810,-18.830375,4.68,,112211
66.651555,14.713782,4.69,Pi Tau,20732
79.784925,40.099051,4.69,Lam Aur,24813
114.575190,-25.364804,4.69,,37173
117.084120,-47.077722,4.69,,38089
120.305565,-1.392608,4.69,,39211
159.687510,-59.182997,4.69,,52102
191.408250,-60.981318,4.69,Iot Cru,62268
325.523595,51.189622,4.69,Azelfafage,107136
330.832290,-56.785977,4.69,Eps Ind,108870
353.768985,-42.615075,4.69,Iot Phe,116389
80.112165,-21.239763,4.70,,24927
174.170475,-9.802247,4.70,The Crt,56633
175.053315,-34.744660,4.70,Omi Hya,56922
253.498860,-42.362025,4.70,Zet-1 Sco,82671
280.568445,-9.052549,4.70,Del Sct,91726
298.959765,-26.299506,4.70,Terebellum,98066
317.585415,10.131579,4.70,Gam Equ,104521
343.601835,84.346177,4.70,,113116
353.319270,-20.914504,4.70,,116247
44.928750,8.907365,4.71,Lam Cet,13954
52.343370,-62.937527,4.71,Kap Ret,16245
73.133175,14.250642,4.71,Omi-1 Ori,22667
76.377795,-57.472704,4.71,Zet Dor,23693
82.433250,-1.092239,4.71,,25737
83.181975,32.192022,4.71,Chi Aur,25984
140.373300,-25.965439,4.71,The Pyx,45902
140.801085,-28.833873,4.71,Lam Pyx,46026
176.190735,-18.350674,4.71,Zet Crt,57283
196.569630,-48.463289,4.71,,63945
209.412135,-63.686696,4.71,,68191
298.562010,8.461453,4.71,Libertas,97938
319.484490,-32.172539,4.71,Eps Mic,105140
347.478735,-22.457611,4.71,,114375
21.483120,68.130012,4.72,Psi Cas,6692
80.440620,-0.382465,4.72,,25044
87.760125,37.305573,4.72,Ups Aur,27639
92.574630,-54.968645,4.72,Del Pic,29276
122.817945,-12.926999,4.72,,40084
141.826650,-22.343783,4.72,,46371
156.478425,33.796120,4.72,,51056
157.583715,-71.992793,4.72,,51438
158.307975,40.425560,4.72,,51658
181.080120,-63.165711,4.72,The-2 Cru,58867
185.179290,17.792868,4.72,,60202
199.385685,40.572608,4.72,,64844
240.699510,46.036705,4.72,Ups Her,78592
259.152855,-0.445297,4.72,,84514
325.664595,-18.866323,4.72,Kap Cap,107188
36.405900,50.278631,4.73,,11313
103.660980,13.177827,4.73,,33202
122.857890,-42.987278,4.73,,40096
165.456975,-2.484585,4.73,,53907
241.622640,-45.173185,4.73,Del Nor,78914
242.242935,36.490944,4.73,Tau CrB,79119
313.163475,-8.983318,4.73,Mu Aqr,103045
7.943085,54.522289,4.74,Lam Cas,2505
19.866645,27.264059,4.74,Ups Psc,6193
38.021790,-15.244677,4.74,Sig Cet,11783
39.949890,-42.891670,4.74,,12413
49.996935,65.652292,4.74,,15520
52.654410,-5.075145,4.74,,16341
122.253195,-61.302429,4.74,,39903
130.304730,-47.317125,4.74,,42624
135.636300,67.629619,4.74,Rho UMa,44390
199.601445,-18.311196,4.74,,64924
212.478630,-53.438946,4.74,,69191
237.816300,20.977919,4.74,Rho Ser,77661
269.948145,-23.816133,4.74,,88116
285.778605,-42.095105,4.74,Zet CrA,93542
292.943010,34.452968,4.74,,96052
314.956470,47.520951,4.74,,103632
330.828510,-2.155363,4.74,Omi Aqr,108874
354.462405,-45.492351,4.74,,116602
108.658920,-48.271927,4.75,,35020
177.060450,-66.814910,4.75,Mu Mus,57581
208.302255,-31.927612,4.75,,67786
214.041585,51.367231,4.75,Iot Boo,69713
235.486665,-19.678828,4.75,Kap Lib,76880
235.670925,-34.710407,4.75,Psi-2 Lup,76945
308.895045,-60.581749,4.75,Phi-1 Pav,101612
349.656000,68.111445,4.75,Omi Cep,115088
7.853910,-48.803514,4.76,Lam-1 Phe,2472
42.618825,-75.066947,4.76,Nu Hyi,13244
42.759675,-21.004019,4.76,Angetenar,13288
88.110165,1.855134,4.76,,27750
94.711575,69.319787,4.76,,29997
119.417115,-30.334570,4.76,,38901
145.320870,-23.591514,4.76,,47522
160.558890,-64.466426,4.76,,52370
169.782960,38.185557,4.76,,55266
186.006210,51.562257,4.76,,60485
194.731020,17.409446,4.76,,63355
201.863190,-15.973578,4.76,,65639
207.947820,34.444240,4.76,,67665
215.654565,-58.459117,4.76,,70264
260.497965,-67.770668,4.76,Zet Aps,84969
265.099140,-49.415587,4.76,Lam Ara,86486
289.054335,21.390428,4.76,,94703
324.480105,62.081940,4.76,,106801
346.778085,25.468259,4.76,,114155
11.047500,-10.609550,4.77,Phi-1 Cet,3455
46.385070,56.705719,4.77,,14382
84.721185,-7.212829,4.77,,26563
101.832630,8.037254,4.77,,32533
139.943265,-11.974853,4.77,,45751
172.578720,-3.003501,4.77,,56127
193.588185,-9.538994,4.77,Psi Vir,62985
264.237885,68.757970,4.77,Ome Dra,86201
270.770505,-8.180349,4.77,Tau Oph,88404
278.143845,57.045599,4.77,,90905
300.889365,-37.940699,4.77,,98761
304.446675,38.032930,4.77,,100044
305.165895,-12.759080,4.77,Alshat,100310
307.215060,-17.813687,4.77,Rho Cap,101027
341.870670,83.153830,4.77,,112519
0.399240,-77.065724,4.78,The Oct,122
13.252065,-1.144260,4.78,,4147
32.121810,37.859077,4.78,,9977
56.509710,63.345047,4.78,,17587
67.640130,16.194014,4.78,,21029
74.982240,-12.537416,4.78,,23231
83.761170,-6.002027,4.78,,26199
122.114445,51.506670,4.78,,39847
123.372990,-35.899518,4.78,,40274
146.050410,-27.769471,4.78,The Ant,47758
154.934070,19.470914,4.78,,50564
185.626305,25.846160,4.78,,60351
199.401180,5.469869,4.78,Sig Vir,64852
215.177385,-45.187060,4.78,,70104
215.774130,-27.754017,4.78,,70306
262.853970,-23.962643,4.78,,85755
267.546300,-40.090435,4.78,Iot-2 Sco,87294
281.361975,-64.871259,4.78,,92024
335.330580,28.330529,4.78,,110371
336.964680,4.695664,4.78,,110882
3.650670,20.206702,4.79,Chi Peg,1168
29.482170,23.596061,4.79,Lam Ari,9153
73.158270,36.703187,4.79,,22678
125.632065,-48.490381,4.79,,41039
140.236755,-62.404632,4.79,,45856
198.812400,-67.894589,4.79,Eta Mus,64661
237.808050,35.657382,4.79,Kap CrB,77655
247.551990,-25.115224,4.79,,80815
267.293655,-31.703203,4.79,,87220
270.065820,4.368615,4.79,,88149
303.816225,25.591957,4.79,,99824
332.451615,72.341207,4.79,,109400
333.903795,-41.346700,4.79,Mu-1 Gru,109908
10.516215,50.512526,4.80,Xi Cas,3300
13.267665,61.123970,4.80,,4151
48.958440,-8.819730,4.80,Zibal,15197
65.388165,46.498878,4.80,,20354
66.023985,17.444130,4.80,Del-2 Tau,20542
75.359775,-7.173965,4.80,Psi Eri,23364
99.832605,42.488877,4.80,Psi-2 Aur,31832
137.598060,67.134018,4.80,Sig-2 UMa,45038
139.047120,54.021857,4.80,,45493
140.120910,-9.555695,4.80,,45811
161.028870,-63.961072,4.80,,52502
188.712855,22.629259,4.80,,61394
196.794690,27.624741,4.80,,64022
212.212470,77.547514,4.80,,69112
214.499250,35.509505,4.80,,69879
220.855680,26.527850,4.80,,71995
225.527115,25.008138,4.80,Ome Boo,73568
244.574595,-28.614020,4.80,,79881
259.331535,33.100100,4.80,,84573
303.325200,46.815675,4.80,,99639
313.311465,44.387260,4.80,,103089
320.190120,-40.809465,4.80,The-1 Mic,105382
336.319260,1.377401,4.80,Pi Aqr,110672
340.439205,29.307641,4.80,Omi Peg,112051
169.546770,31.528783,4.80,Xi UMa,
77.424810,15.597232,4.81,,24010
78.439320,-67.185255,4.81,The Dor,24372
79.371165,-34.895207,4.81,Omi Col,24659
89.498565,25.953912,4.81,,28237
120.083205,-63.567456,4.81,,39138
143.765985,39.621493,4.81,,47029
171.152460,-10.859323,4.81,Eps Crt,55687
217.050570,-2.227957,4.81,Elgafar,70755
276.337665,-20.541679,4.81,,90289
309.630570,21.201174,4.81,,101867
312.234555,46.114134,4.81,,102724
29.291880,-47.385277,4.82,,9095
78.357165,38.484498,4.82,Mu Aur,24340
99.819660,-14.145764,4.82,,31827
103.387110,-20.224254,4.82,,33092
113.449845,-14.523892,4.82,,36773
155.581620,-41.649960,4.82,,50799
157.656915,55.980536,4.82,,51459
186.632370,-51.450635,4.82,,60710
204.365175,36.294898,4.82,,66458
212.599725,25.091677,4.82,,69226
240.573720,22.804454,4.82,Pi Ser,78554
245.518125,1.029039,4.82,Sig Ser,80179
252.309225,45.983323,4.82,,82321
255.265005,-4.222644,4.82,,83262
276.496035,65.563480,4.82,Fafnir,90344
283.599150,71.297192,4.82,Ups Dra,92782
316.101255,-19.854991,4.82,Eta Cap,104019
335.379480,12.205186,4.82,,110386
337.661730,-10.677950,4.82,Sig Aqr,111123
349.435980,49.015300,4.82,,115022
355.440855,-17.816533,4.82,,116901
13.750725,58.972698,4.83,Ups-1 Cas,4292
21.913725,45.406687,4.83,Ome And,6813
39.890970,-11.872156,4.83,Eps Cet,12390
41.385720,-67.616617,4.83,Zet Hyi,12876
107.212785,-39.655657,4.83,,34495
109.153470,-23.315594,4.83,,35210
125.345955,-33.054366,4.83,,40945
130.605810,-53.113984,4.83,,42726
195.888840,-49.527264,4.83,Xi-1 Cen,63724
225.947610,47.654060,4.83,,73695
228.206640,-44.500414,4.83,,74449
247.160595,41.881677,4.83,,80704
256.205640,-34.122930,4.83,,83574
281.518665,26.662130,4.83,,92088
284.265285,-5.846314,4.83,Eta Sct,93026
284.680815,-37.107357,4.83,Eps CrA,93174
22.546305,6.143820,4.84,Mu Psc,7007
33.305535,44.231652,4.84,,10340
34.262865,34.224231,4.84,Del Tri,10644
49.840395,3.370198,4.84,Kap-1 Cet,15457
63.484935,9.263824,4.84,,19740
85.323825,16.534148,4.84,,26777
114.863925,-38.308021,4.84,,37297
128.832000,-58.009228,4.84,,42134
165.140205,3.617494,4.84,,53807
176.320995,8.258119,4.84,Xi Vir,57328
214.938495,16.306948,4.84,,70027
248.151225,11.488041,4.84,,81008
250.229670,64.589046,4.84,,81660
251.324190,56.781857,4.84,,82020
299.738325,-26.195767,4.84,,98353
340.874895,-41.414347,4.84,Rho Gru,112203
341.407785,-53.500121,4.84,Eta Gru,112374
346.653390,59.419760,4.84,,114104
241.091610,-11.374611,4.84,Graffias,
47.984355,74.393659,4.85,,14862
49.682610,34.222653,4.85,,15416
112.464225,-23.024287,4.85,,36431
152.234355,-51.811261,4.85,,49712
198.013515,-37.803022,4.85,,64408
229.412040,-63.610465,4.85,Eps Cir,74837
269.197605,-44.342246,4.85,,87846
275.216925,3.377165,4.85,,89918
284.615670,-52.938629,4.85,Lam Tel,93148
6.982080,-33.007167,4.86,Eta Scl,2210
49.592100,-22.511118,4.86,,15382
101.558925,59.441670,4.86,,32438
129.926985,-29.561084,4.86,Zet Pyx,42483
158.773170,75.712948,4.86,,51808
199.304280,-66.783438,4.86,,64820
215.844570,8.446617,4.86,,70327
220.411455,8.161764,4.86,,71832
245.524305,30.891996,4.86,Xi CrB,80181
248.520915,-44.045315,4.86,Mu Nor,81122
249.686910,48.928342,4.86,,81497
263.066505,55.172958,4.86,Nu-2 Dra,85829
265.857495,-21.683194,4.86,,86736
281.080665,-35.641987,4.86,,91918
283.542405,-22.744834,4.86,Ainalrami,92761
288.885105,-25.256682,4.86,Psi Sgr,94643
309.396975,-61.529918,4.86,Rho Pav,101773
331.419795,5.058530,4.86,Nu Peg,109068
20.585055,45.528778,4.87,Adhil,6411
38.968635,5.593246,4.87,Nu Cet,12093
48.725400,21.044441,4.87,Zet Ari,15110
63.598710,-10.256283,4.87,,19777
108.305655,-45.182739,4.87,,34899
130.430565,-15.943384,4.87,,42662
133.881510,-27.681871,4.87,Del Pyx,43825
148.551375,-25.932345,4.87,,48559
159.307215,-27.412634,4.87,,51979
161.713470,-64.383474,4.87,,52736
296.590605,-19.761113,4.87,,97290
323.693940,38.534054,4.87,,106551
36.487515,-12.290480,4.88,Rho Cet,11345
81.908685,21.936965,4.88,,25539
87.254025,24.567535,4.88,,27468
88.278675,-33.801361,4.88,Lam Col,27810
109.668240,-24.558701,4.88,,35412
179.906940,-78.221839,4.88,Eps Cha,58484
190.471065,10.235625,4.88,Rho Vir,61960
195.068640,30.785021,4.88,,63462
254.006250,65.134796,4.88,,82860
269.449185,-41.716295,4.88,,87936
280.880220,-8.275215,4.88,Eps Sct,91845
289.408665,-18.952908,4.88,,94820
293.804130,-48.099202,4.88,Iot Tel,96341
356.764260,58.651989,4.88,Tau Cas,117301
359.668245,-3.555983,4.88,,118209
359.752230,55.754928,4.88,Sig Cas,118243
2.816085,-15.467977,4.89,,910
72.477690,37.488275,4.89,,22453
81.186780,1.846445,4.89,Psi-1 Ori,25302
87.387210,12.651324,4.89,,27511
114.791400,34.584346,4.89,Jishui,37265
116.531040,18.510043,4.89,,37908
157.841625,-53.715484,4.89,,51523
159.388635,-13.384543,4.89,,52009
176.630640,-40.500354,4.89,,57443
177.963555,-65.205910,4.89,,57851
193.323945,21.244943,4.89,,62886
214.558155,-81.007760,4.89,Eta Aps,69896
256.344540,12.740828,4.89,,83613
263.043765,55.184243,4.89,Nu-1 Dra,85819
296.069145,37.354355,4.89,,97118
312.492000,-33.779722,4.89,Alp Mic,102831
339.815325,39.050269,4.89,,111841
352.508040,58.548920,4.89,,115990
12.208380,50.968168,4.90,Nu Cas,3801
21.405135,-14.598796,4.90,,6670
85.619295,1.474629,4.90,,26885
104.404635,45.094094,4.90,,33485
192.671535,-33.999302,4.90,,62683
198.563670,-59.103235,4.90,,64583
240.850800,-38.602541,4.90,,78655
241.360650,-19.801860,4.90,Bet-2 Sco,78821
247.116330,-70.084401,4.90,Zet TrA,80686
297.767115,22.610046,4.90,,97679
312.370635,-46.226826,4.90,Zet Ind,102790
40.562160,40.193944,4.91,,12623
67.969440,-0.044011,4.91,,21139
75.356580,-20.051918,4.91,,23362
76.862460,18.645052,4.91,,23835
94.998330,-2.944493,4.91,,30093
107.557005,-4.237106,4.91,,34622
107.913825,39.320549,4.91,,34752
159.645645,-16.876572,4.91,Phi-3 Hya,52085
190.485765,-59.685819,4.91,,61966
203.699145,37.182415,4.91,,66257
225.243120,-8.518943,4.91,Del Lib,73473
228.655500,-31.519121,4.91,,74604
250.393260,-17.742167,4.91,,81724
256.333935,54.470042,4.91,Mu Dra,83608
298.907505,52.438948,4.91,Psi Cyg,98055
307.412505,-2.885531,4.91,,101101
309.181800,-2.549957,4.91,,101692
338.250150,-61.982122,4.91,Nu Tuc,111310
343.806960,8.816166,4.91,Rho Peg,113186
29.167485,-22.526785,4.92,,9061
90.460095,-10.597930,4.92,,28574
91.246365,-16.484435,4.92,,28816
96.224595,49.287893,4.92,Psi-1 Aur,30520
105.973440,-49.583920,4.92,,34059
112.768665,82.411466,4.92,,36547
138.903000,-38.569942,4.92,,45439
166.333005,-27.293612,4.92,Chi-1 Hya,54204
186.600270,27.268237,4.92,,60697
203.533050,3.658967,4.92,,66200
207.428460,21.264105,4.92,,67480
221.246670,-35.191826,4.92,,72104
231.049545,-10.322266,4.92,Eps Lib,75379
271.707870,-43.425216,4.92,,88726
275.074635,21.961297,4.92,,89861
277.939305,-45.914814,4.92,Del-1 Tel,90830
283.306440,50.708221,4.92,,92689
311.218785,25.270617,4.92,,102388
62.710620,-41.993573,4.93,Del Hor,19515
64.315260,20.578591,4.93,Ome-2 Tau,19990
65.102670,34.566725,4.93,,20252
74.814180,37.890245,4.93,Ome Aur,23179
113.915475,-52.533836,4.93,,36942
115.751820,58.710360,4.93,,37609
119.933970,-3.679583,4.93,,39079
134.243430,-59.229338,4.93,,43937
145.560165,-23.915569,4.93,,47592
173.068350,-29.261022,4.93,,56280
175.223520,-62.090101,4.93,,56986
184.085580,23.945409,4.93,,59847
192.924675,27.540712,4.93,,62763
195.181875,56.366338,4.93,,63503
212.710350,-16.302030,4.93,,69269
222.754470,-2.299150,4.93,,72631
226.825230,24.869195,4.93,,73996
242.999955,-10.064253,4.93,Psi Sco,79375
294.222705,-7.027477,4.93,Kap Aql,96483
301.846500,-52.880793,4.93,Xi Tel,99120
302.356740,36.839621,4.93,,99303
303.633435,36.806302,4.93,,99770
311.794785,34.374123,4.93,,102571
349.212255,-7.726504,4.93,Chi Aqr,114939
355.997835,29.361454,4.93,,117073
33.092865,30.303067,4.94,,10280
44.765340,35.183128,4.94,,13905
104.066625,-48.721144,4.94,,33357
110.556375,-19.016600,4.94,,35727
120.879510,27.794332,4.94,Chi Gem,39424
132.448500,-45.307875,4.94,,43347
148.717545,-19.009360,4.94,Felis,48615
156.032730,65.566423,4.94,,50933
157.758630,-73.221490,4.94,,51495
197.263635,-23.118070,4.94,Psi Hya,64166
198.428955,40.152885,4.94,,64540
246.996000,68.768137,4.94,,80650
285.003435,32.145514,4.94,Lam Lyr,93279
303.569235,15.197609,4.94,Rho Aql,99742
307.514745,48.951569,4.94,Ome-1 Cyg,101138
332.536395,-32.548407,4.94,Tau PsA,109422
10.866990,47.024546,4.95,Pi Cas,3414
20.020485,58.231611,4.95,Phi Cas,6242
59.356005,63.072264,4.95,,18505
85.211310,-1.128787,4.95,,26736
93.013665,16.130406,4.95,,29434
171.984330,2.856265,4.95,Tau Leo,55945
188.683530,70.021770,4.95,,61384
239.547375,-14.279358,4.95,,78207
243.369720,-54.630467,4.95,Kap Nor,79509
244.376865,75.755330,4.95,Eta UMi,79822
298.965675,38.486705,4.95,,98068
300.436395,-59.375893,4.95,,98608
343.008375,43.312417,4.95,,112917
351.733140,1.255608,4.95,Kap Psc,115738
356.597985,3.486811,4.95,,117245
25.145055,40.577049,4.96,Tau And,7818
25.445745,42.613369,4.96,,7918
38.461275,-28.232343,4.96,Ome For,11918
50.360715,43.329651,4.96,,15648
67.109880,16.359672,4.96,,20877
79.819170,22.096494,4.96,,24822
88.711605,55.706947,4.96,Xi Aur,27949
207.467865,-18.134168,4.96,,67494
239.447940,54.749762,4.96,,78180
240.835950,-25.865240,4.96,,78650
271.507920,22.218879,4.96,,88657
272.930550,-23.701235,4.96,,89153
272.975655,31.405350,4.96,,89172
351.209385,62.282806,4.96,,115590
18.795645,-45.531664,4.97,Nu Phe,5862
29.000055,68.685242,4.97,Ome Cas,9009
55.594365,33.965026,4.97,,17313
60.325455,-61.078822,4.97,Iot Ret,18772
65.088405,27.350754,4.97,Phi Tau,20250
88.874625,-37.120668,4.97,Xi Col,28010
118.374240,26.765783,4.97,Phi Gem,38538
155.742360,-66.901498,4.97,,50847
185.087415,3.312574,4.97,,60172
202.107555,13.778787,4.97,,65721
217.043460,-29.491638,4.97,,70753
235.070400,-23.818078,4.97,,76742
244.253895,-50.068122,4.97,Gam-1 Nor,79790
255.782790,14.091947,4.97,,83430
353.488260,31.325277,4.97,,116310
354.946110,-14.222178,4.97,Ome-1 Aqr,116758
356.508510,46.420276,4.97,Psi And,117221
25.681290,-3.690200,4.98,,7999
32.355540,25.939892,4.98,,10053
44.699085,-64.071284,4.98,Bet Hor,13884
76.669335,51.597720,4.98,,23783
83.815920,-5.387315,4.98,The-1 Ori,26220
83.845425,-5.416060,4.98,The-2 Ori,26235
115.096710,-15.263920,4.98,,37379
130.006140,-12.475372,4.98,,42509
165.186675,6.101449,4.98,,53824
177.485925,-70.225790,4.98,,57696
186.747075,26.825699,4.98,,60746
232.945770,40.899332,4.98,Nu-2 Boo,76041
240.360705,29.851061,4.98,Iot CrB,78493
275.977605,58.800736,4.98,,90156
284.061015,4.202132,4.98,The-2 Ser,92951
290.137095,-5.415766,4.98,,95066
298.980765,58.845969,4.98,,98073
1.125495,-10.509523,4.99,,355
30.575385,54.487541,4.99,,9505
52.012755,49.062866,4.99,,16147
55.562085,-31.938361,4.99,Del For,17304
59.284545,61.108883,4.99,,18488
69.723150,-12.123121,4.99,,21644
80.708340,3.544452,4.99,,25142
102.691455,41.781230,4.99,Psi-7 Aur,32844
102.718140,-34.367318,4.99,,32855
105.728235,-4.239231,4.99,,33971
111.412065,9.276097,4.99,Eps CMi,36041
123.333195,-15.788221,4.99,,40259
136.493190,5.092316,4.99,Ome Hya,44659
137.768340,-44.867902,4.99,,45085
142.986420,11.299827,4.99,Xi Leo,46771
170.706630,43.482703,4.99,,55560
184.125600,33.061527,4.99,,59856
205.436625,-54.559425,4.99,,66821
213.065850,2.409433,4.99,,69389
230.534625,-47.927792,4.99,Nu-1 Lup,75206
230.801250,30.287812,4.99,Eta CrB,75312
239.876145,-41.744436,4.99,,78323
273.473175,64.397287,4.99,,89348
291.031575,29.621338,4.99,,95372
301.081620,-32.056296,4.99,,98842
332.108055,-34.043841,4.99,Ups PsA,109289
344.108325,49.733544,4.99,,113288
349.740315,-9.610750,4.99,Psi-3 Aqr,115115
61.113180,59.155507,5.00,,19018
81.106065,17.383534,5.00,,25278
91.881795,-37.252920,5.00,Elkurud,29034
93.937020,-13.718414,5.00,,29735
104.027685,-14.043430,5.00,Mu CMa,33345
109.633245,49.464756,5.00,,35384
144.302775,6.835802,5.00,,47205
170.802855,-36.164769,5.00,,55588
175.879980,-62.489396,5.00,,57175
232.854285,77.349352,5.00,The UMi,76008
242.018865,17.046980,5.00,Marsic,79043
269.772000,-30.253025,5.00,,88060
271.869750,43.461891,5.00,,88788
283.779735,-22.671328,5.00,Nu-2 Sgr,92845
285.359865,46.934812,5.00,,93408
288.479805,57.705102,5.00,,94490
293.645400,19.773403,5.00,,96275
296.606655,33.727598,5.00,,97295
359.395905,-64.298231,5.00,Eta Tuc,118121
131.174100,-54.708074,5.00,,
241.091610,-11.374611,5.00,Xi Sco,
286.602705,-37.064740,5.00,Gam CrA,
2.580180,46.072272,5.01,,841
7.012125,17.893125,5.01,,2219
24.837525,44.386165,5.01,Chi And,7719
75.540900,-26.275029,5.01,,23430
78.851655,32.687600,5.01,,24504
92.812500,-65.589417,5.01,Eta-2 Dor,29353
94.478445,61.515286,5.01,,29919
112.453200,27.916146,5.01,,36429
118.065360,-34.705442,5.01,,38423
128.681670,-49.944203,5.01,,42088
143.536650,-51.255266,5.01,,46950
160.766835,69.076214,5.01,,52425
174.873405,-65.397766,5.01,,56862
184.749120,-55.143002,5.01,,60059
186.462300,39.018616,5.01,,60646
187.528020,69.201123,5.01,,60998
260.078625,18.057081,5.01,,84833
297.244410,19.142042,5.01,Zet Sge,97496
299.487630,-15.491490,5.01,,98258
67.209015,13.047602,5.02,,20901
81.163095,37.385346,5.02,Sig Aur,25292
143.301915,-21.115722,5.02,,46880
158.236950,-47.003353,5.02,,51635
163.934985,33.506929,5.02,,53426
209.142405,27.492082,5.02,,68103
223.212825,-37.803160,5.02,,72800
229.274520,71.823901,5.02,,74793
267.267930,50.781075,5.02,,87212
267.362325,76.962881,5.02,,87234
275.386125,49.121593,5.02,,89981
281.208075,2.060038,5.02,,91975
284.335320,-20.656346,5.02,Xi-1 Sgr,93057
291.318705,-24.508575,5.02,Chi-1 Sgr,95477
326.933970,-30.898304,5.02,The PsA,107608
31.641345,22.648317,5.03,Kap Ari,9836
72.548400,-16.217159,5.03,,22479
90.814995,-26.284544,5.03,,28675
109.205880,-36.592633,5.03,,35226
116.486955,-14.563805,5.03,,37891
127.364520,-44.724812,5.03,,41639
164.866800,40.430257,5.03,Chalawan,53721
188.782335,18.377058,5.03,,61418
205.403235,-8.702984,5.03,,66803
213.738120,-57.086126,5.03,,69618
252.938595,24.656433,5.03,,82504
255.469350,-32.143519,5.03,,83336
259.654125,10.864475,5.03,,84671
280.658145,55.539457,5.03,,91755
290.713320,-54.423931,5.03,Eta Tel,95261
292.665990,-2.788887,5.03,,95937
297.657195,52.988001,5.03,,97635
313.640160,28.057621,5.03,,103200
0.583005,-29.720414,5.04,Zet Scl,183
17.003385,43.942092,5.04,,5317
26.525880,-53.522037,5.04,,8241
49.050855,50.937664,5.04,,15219
70.514475,-37.144297,5.04,Bet Cae,21861
89.767965,-9.558250,5.04,,28325
91.764060,-62.154581,5.04,,28991
94.110915,12.272163,5.04,,29800
100.770765,44.524450,5.04,Psi-4 Aur,32173
110.868810,25.050531,5.04,,35846
114.869130,17.674519,5.04,,37300
115.737975,-45.173118,5.04,,37606
121.668090,-45.266015,5.04,,39690
181.194240,-76.519061,5.04,Kap Cha,58905
198.014760,-16.198601,5.04,,64407
201.280410,-74.887818,5.04,Iot-1 Mus,65468
202.355220,-51.165134,5.04,,65810
229.237065,-60.957255,5.04,Del Cir,74778
229.828320,1.765408,5.04,,74975
232.732320,40.833047,5.04,Nu-1 Boo,75973
238.333575,-20.167040,5.04,Lam Lib,77811
319.613265,43.945945,5.04,,105186
324.237405,40.413521,5.04,,106711
329.812770,73.179896,5.04,,108535
339.439095,-4.228056,5.04,Situla,111710
49.781805,50.094966,5.05,,15444
57.296730,24.136712,5.05,Pleione,17851
76.241640,-49.577837,5.05,Eta-2 Pic,23649
80.003835,33.958054,5.05,,24879
99.656805,-48.220183,5.05,,31765
115.129425,87.020091,5.05,,37391
129.782970,-22.661875,5.05,,42430
271.756455,30.562140,5.05,,88745
332.877420,59.414488,5.05,Lam Cep,109556
347.381070,8.677161,5.05,,114347
350.085765,5.381307,5.05,,115227
356.978145,67.806808,5.05,,117371
55.538910,63.216806,5.06,,17296
78.851550,-26.943509,5.06,,24505
80.442735,-24.772981,5.06,,25045
92.184645,-68.843409,5.06,Nu Dor,29134
92.965890,-6.550287,5.06,,29417
96.989880,-4.762154,5.06,,30772
113.577585,-23.473661,5.06,,36817
124.578285,-65.613192,5.06,,40680
151.546725,-47.369995,5.06,,49485
165.210135,39.212092,5.06,,53838
215.596620,-80.108945,5.06,Eps Aps,70248
257.676375,-44.557719,5.06,,84033
295.209015,45.524942,5.06,,96825
295.629720,-16.123996,5.06,,96950
300.339825,50.104695,5.06,,98571
309.632970,24.115958,5.06,,101868
312.520425,44.059304,5.06,,102843
312.875205,-51.608179,5.06,Iot Ind,102950
318.335265,-70.126267,5.06,Omi Pav,104755
358.122030,19.120287,5.06,Phi Peg,117718
8.182680,-63.031500,5.07,Bet-3 Tuc,2578
12.244620,16.940644,5.07,,3810
48.193485,-1.196101,5.07,,14954
67.708740,-44.953749,5.07,Del Cae,21060
69.977850,53.079535,5.07,,21727
81.120450,-0.891328,5.07,,25282
104.604570,-34.111708,5.07,,33558
108.342810,16.158966,5.07,,34909
112.335180,28.118275,5.07,,36393
116.854140,-38.511145,5.07,,38010
142.989900,9.715767,5.07,,46774
143.472855,-80.941258,5.07,Zet Cha,46928
145.076520,-14.332292,5.07,Kap Hya,47452
148.126815,-8.105030,5.07,Gam Sex,48437
158.700060,6.953749,5.07,,51775
172.941960,-59.442061,5.07,Omi-1 Cen,56243
213.191775,-27.261186,5.07,,69415
249.057180,52.924422,5.07,,81292
257.388570,40.777033,5.07,,83947
262.991175,68.135024,5.07,,85805
278.008110,-45.757382,5.07,Del-2 Tel,90853
286.744185,11.071228,5.07,,93867
309.782415,10.086203,5.07,Kap Del,101916
327.461220,30.174215,5.07,,107763
331.286625,62.279814,5.07,,109017
258.836010,-26.603215,5.07,,
9.034590,54.168450,5.08,,2854
57.067785,11.143294,5.08,,17771
69.788400,15.799846,5.08,Sig-1 Tau,21673
72.843585,18.839861,5.08,,22565
80.640540,79.231149,5.08,,25110
81.912030,34.475892,5.08,Phi Aur,25541
92.559480,-74.753045,5.08,Alp Men,29271
101.905095,-8.998503,5.08,,32558
119.326770,-44.109859,5.08,,38872
126.902550,-53.088480,5.08,,41483
147.147150,46.021008,5.08,,48113
157.572825,-0.637026,5.08,Bet Sex,51437
158.503680,-23.745165,5.08,,51718
159.085590,-59.564392,5.08,,51912
160.854000,23.188404,5.08,,52457
170.841225,-18.779973,5.08,Lam Crt,55598
193.653765,-57.168670,5.08,Mu-2 Cru,63005
224.183310,-62.781016,5.08,The Cir,73129
283.679640,-15.603036,5.08,,92814
301.722525,23.614425,5.08,,99080
306.830040,-18.211721,5.08,Pi Cap,100881
328.324020,-13.551768,5.08,Mu Cap,108036
338.941155,73.643188,5.08,,111532
12.146655,-74.923438,5.09,Lam Hyi,3781
29.337720,17.817532,5.09,Iot Ari,9110
52.500855,55.451808,5.09,,16292
75.086325,81.194088,5.09,,23265
98.408010,-1.220154,5.09,,31278
110.486925,20.443658,5.09,,35699
111.591045,-51.018481,5.09,,36114
119.773815,-23.310396,5.09,,39023
123.492975,-36.322281,5.09,,40321
132.639420,-46.529187,5.09,,43413
141.574860,-53.378909,5.09,,46283
146.631930,57.128070,5.09,,47965
147.488115,-45.732736,5.09,,48224
170.839245,-64.954714,5.09,,55597
184.000785,14.899071,5.09,,59819
237.814965,-3.090497,5.09,,77660
242.758650,-29.416220,5.09,,79302
267.204780,25.622869,5.09,,87194
275.577420,-38.656894,5.09,,90037
301.289550,19.991071,5.09,Eta Sge,98920
325.046235,43.273839,5.09,,106999
328.265700,25.925140,5.09,,108022
331.508145,45.014348,5.09,,109102
335.006310,-80.439747,5.09,Eps Oct,110256
345.651540,42.757795,5.09,,113788
350.769030,12.313910,5.09,,115444
355.843170,10.331536,5.09,,117020
44.322015,31.934219,5.10,,13775
50.688510,20.742069,5.10,Tau-2 Ari,15737
62.511585,80.698681,5.10,,19461
65.965935,9.460968,5.10,,20522
87.473085,-66.901187,5.10,Eps Dor,27534
177.187860,-26.749777,5.10,,57613
199.221375,-31.506196,5.10,,64803
216.047265,5.820131,5.10,,70400
240.309660,17.818397,5.10,,78481
251.666685,-67.109691,5.10,,82129
261.054540,-44.162576,5.10,,85162
272.220270,20.045233,5.10,,88899
289.635390,1.085129,5.10,,94885
324.888600,2.243558,5.10,,106944
326.251065,-9.082428,5.10,,107382
345.021255,56.945374,5.10,,113561
358.027770,-82.018818,5.10,Gam-1 Oct,117689
22.400550,-21.629339,5.11,,6960
58.412265,-34.732297,5.11,,18213
77.182080,-4.456207,5.11,,23941
103.426020,68.888309,5.11,,33104
109.659105,-36.742735,5.11,,35406
149.421150,41.055633,5.11,,48833
167.141670,-61.947175,5.11,,54461
201.532245,-39.755107,5.11,,65535
238.873365,-68.603001,5.11,Kap TrA,77982
276.057450,39.507239,5.11,Mu Lyr,90191
280.945590,-38.323441,5.11,Lam CrA,91875
287.290740,76.560502,5.11,,94083
310.010205,-60.548892,5.11,Phi-2 Pav,101983
312.121260,-43.988544,5.11,Iot Mic,102693
329.163105,63.625557,5.11,,108317
334.110675,-41.627225,5.11,Mu-2 Gru,109973
339.657900,56.795632,5.11,,111795
341.022840,41.819235,5.11,,112242
28.591830,-42.496950,5.12,Phi Phe,8882
45.903585,-59.737775,5.12,Mu Hor,14240
76.690215,-4.655163,5.12,,23794
107.697870,-48.932098,5.12,,34670
110.510955,36.760584,5.12,,35710
115.924605,-40.933746,5.12,,37664
117.924945,1.766868,5.12,Zet CMi,38373
139.095990,-44.265735,5.12,,45505
143.435610,-49.005072,5.12,,46914
160.486200,65.716280,5.12,,52353
163.393665,54.585128,5.12,,53261
172.953345,-59.515648,5.12,Omi-2 Cen,56250
188.939805,-41.021945,5.12,,61468
191.661495,16.577691,5.12,,62356
266.036280,-51.834053,5.12,Cervantes,86796
275.254245,28.869954,5.12,,89935
277.859565,-18.402697,5.12,,90806
278.759970,-10.977206,5.12,,91105
292.689150,27.965276,5.12,Bet-2 Cyg,95951
293.780235,-10.560444,5.12,,96327
297.756840,10.415727,5.12,Omi Aql,97675
308.479455,-44.516048,5.12,Nu Mic,101477
335.398200,-21.598230,5.12,,110391
345.874200,-34.749412,5.12,Pi PsA,113860
0.456030,-3.027504,5.13,,145
3.615120,-7.780532,5.13,,1158
19.449810,3.614466,5.13,,6061
37.007085,-33.811039,5.13,Phi For,11477
51.169005,64.585996,5.13,,15890
83.818605,-5.389696,5.13,The-1 Ori,26221
125.016090,27.217707,5.13,Chi Cnc,40843
126.478200,7.564506,5.13,,41325
173.225550,-31.087226,5.13,,56332
211.982310,43.854452,5.13,,69038
226.329840,-41.067236,5.13,,73826
233.655495,-28.046983,5.13,,76259
243.813855,-47.372021,5.13,The Nor,79653
260.225865,24.499435,5.13,,84887
287.918955,56.859213,5.13,,94302
316.179315,-77.023767,5.13,Alp Oct,104043
359.732325,-52.745807,5.13,Pi Phe,118234
9.193545,44.488587,5.14,,2900
18.600165,-7.922826,5.14,,5799
52.601955,11.336442,5.14,,16322
57.386220,33.091382,5.14,,17886
81.580305,-58.912520,5.14,Lam Dor,25429
90.864030,19.690561,5.14,,28691
102.477570,-46.614560,5.14,,32765
102.737865,67.571934,5.14,,32864
105.214545,-51.402585,5.14,,33779
105.908640,10.951817,5.14,,34033
106.076355,-56.749724,5.14,,34105
114.319545,-4.110979,5.14,,37088
116.876355,33.415697,5.14,Pi Gem,38016
119.465520,-45.577669,5.14,,38917
121.268700,13.118215,5.14,,39567
123.400650,-46.991628,5.14,,40285
161.739510,-56.757192,5.14,,52742
172.146195,-42.674203,5.14,,56000
174.252780,-61.283442,5.14,,56656
183.049665,77.616241,5.14,,59504
185.232135,-13.565724,5.14,,60221
199.560510,49.682062,5.14,,64906
214.885335,-2.265518,5.14,Ups Vir,70012
233.812140,39.010067,5.14,Mu CrB,76307
239.222895,-33.966134,5.14,Xi-1 Lup,78105
259.502835,-24.286901,5.14,Omi Oph,84626
284.652180,-60.200550,5.14,Ome Pav,93163
288.427935,2.293707,5.14,,94477
291.369165,19.798365,5.14,,95498
298.322400,57.523482,5.14,,97870
304.662795,34.982775,5.14,,100122
310.487790,-66.760682,5.14,Ups Pav,102157
17.778195,31.424736,5.15,,5544
30.426600,-44.713509,5.15,Chi Phe,9459
38.025675,36.147271,5.15,,11784
94.423845,-16.815908,5.15,,29895
116.663655,37.517394,5.15,,37946
130.917810,-49.822802,5.15,,42834
132.986805,43.726603,5.15,,43531
137.098005,66.873235,5.15,Sig-1 UMa,44857
145.738425,72.252618,5.15,,47654
153.377760,-66.372811,5.15,,50083
166.819620,-42.638681,5.15,,54360
174.530565,-61.826563,5.15,,56754
180.914595,-42.434056,5.15,,58803
185.530695,-67.522105,5.15,Zet-2 Mus,60320
196.974210,-10.740408,5.15,,64078
206.734800,-36.251933,5.15,,67244
221.500365,-25.443181,5.15,,72197
222.671595,-15.997237,5.15,Alp-1 Lib,72603
228.658890,67.346722,5.15,,74605
229.016775,-41.491155,5.15,,74707
232.159320,1.842081,5.15,,75761
251.457885,8.582616,5.15,,82073
299.979975,37.042885,5.15,,98425
309.853710,0.486445,5.15,,101936
310.012275,-18.138659,5.15,Ups Cap,101984
311.661930,16.124134,5.15,Gam-1 Del,102531
347.934120,8.720116,5.15,,114520
5.280255,37.968603,5.16,Rho And,1686
35.589315,55.845653,5.16,,11060
44.155935,-3.712320,5.16,,13717
49.657230,50.222174,5.16,,15404
87.721755,-52.108873,5.16,,27621
97.846020,-12.391953,5.16,,31084
117.942930,-13.898029,5.16,,38382
123.816405,-62.915643,5.16,,40429
137.339730,22.045446,5.16,Nahn,44946
158.790255,57.082637,5.16,,51814
208.675605,-1.503125,5.16,,67929
226.200450,-64.031350,5.16,Eta Cir,73776
231.447480,15.428036,5.16,Tau-1 Ser,75530
233.610480,-9.183416,5.16,,76243
278.088855,-39.704001,5.16,,90887
320.723385,6.811140,5.16,Bet Equ,105570
325.386930,-14.047611,5.16,,107095
343.100295,9.835664,5.16,Sig Peg,112935
7.594395,-23.787680,5.17,,2381
12.531645,-10.644326,5.17,Phi-2 Cet,3909
17.062155,54.920340,5.17,Mu Cas,5336
39.508635,72.818252,5.17,,12273
41.239920,12.445761,5.17,,12832
65.920215,-3.745470,5.17,Xi Eri,20507
117.421665,-17.228408,5.17,,38211
134.718240,-47.234688,5.17,,44093
134.851170,-59.083712,5.17,,44143
179.003985,-17.150829,5.17,Eta Crt,58188
181.958475,-75.367019,5.17,,59151
186.077190,26.098606,5.17,,60514
190.316475,-13.013901,5.17,,61910
194.268180,-51.198752,5.17,,63210
268.325115,40.007959,5.17,,87563
286.583100,-52.340910,5.17,Rho Tel,93815
291.242460,11.944415,5.17,,95447
291.538020,36.317896,5.17,,95556
294.158325,44.694936,5.17,,96459
316.309350,-54.727042,5.17,Mu Ind,104085
318.907920,-20.651696,5.17,Phi Cap,104963
357.838905,-18.909163,5.17,,117629
197.495835,17.528977,5.17,Alp Com,
5.379975,-28.981469,5.18,Iot Scl,1708
7.056810,44.394452,5.18,,2225
25.732395,70.622526,5.18,,8016
61.651710,27.599903,5.18,,19171
73.695405,11.426006,5.18,,22833
77.923185,16.045673,5.18,,24197
82.969770,-76.340964,5.18,Gam Men,25918
84.934155,25.897091,5.18,,26640
86.499555,-32.306435,5.18,Mu Col,27204
104.960670,-67.916443,5.18,,33682
111.167445,-16.201473,5.18,,35951
125.337690,-36.484177,5.18,,40943
126.380550,-51.727415,5.18,,41296
129.990030,-53.054729,5.18,,42504
138.585615,61.423318,5.18,,45333
160.887330,46.203877,5.18,,52469
169.322505,2.010556,5.18,,55137
171.430755,-63.972475,5.18,,55779
213.016830,69.432548,5.18,,69373
223.894305,-60.114164,5.18,,73036
283.165125,-52.107370,5.18,Kap Tel,92646
294.798510,5.397773,5.18,Sig Aql,96665
297.641640,38.722419,5.18,,97630
303.876000,23.508906,5.18,,99853
307.876680,74.954619,5.18,,101260
325.767090,72.320084,5.18,,107230
356.816640,-50.226461,5.18,Sig Phe,117315
35.635560,-23.816326,5.19,Kap For,11072
36.103785,50.006546,5.19,,11220
76.891740,-63.399679,5.19,,23840
91.056255,-6.708941,5.19,,28744
96.807345,0.299246,5.19,,30717
119.906430,-60.587061,5.19,,39070
129.771420,-70.386745,5.19,The Vol,42425
132.464580,-32.780525,5.19,,43352
157.369590,-2.739078,5.19,Del Sex,51362
174.011160,69.322952,5.19,,56583
199.193820,9.424156,5.19,,64792
226.656660,-16.256818,5.19,Nu Lib,73945
236.666580,62.599557,5.19,,77277
247.705695,-61.633503,5.19,,80874
261.500160,-50.633510,5.19,Kap Ara,85312
303.560535,28.694817,5.19,,99738
313.902870,13.721536,5.19,,103294
319.842570,64.871855,5.19,,105268
339.662730,63.584472,5.19,,111797
350.663205,-15.039338,5.19,,115404
7.530675,29.751557,5.20,,2355
8.811990,-3.592846,5.20,,2762
64.179570,53.611799,5.20,,19949
68.548455,-8.231352,5.20,,21296
88.740945,59.888367,5.20,,27971
93.712005,19.156448,5.20,,29650
97.368825,-56.852766,5.20,,30932
100.601355,17.645303,5.20,,32104
105.603255,24.215446,5.20,Ome Gem,33927
106.011660,-42.337280,5.20,,34081
108.979005,59.637467,5.20,,35146
111.934860,21.445247,5.20,,36238
122.399655,-44.122773,5.20,,39961
130.079940,-40.263875,5.20,,42540
130.487130,-45.410714,5.20,,42679
175.433115,-32.499404,5.20,,57047
185.140200,-22.215901,5.20,Zet Crv,60189
196.435170,35.798899,5.20,,63901
209.629785,-24.972249,5.20,,68269
245.589270,33.799052,5.20,Nu-1 CrB,80197
276.802125,0.196108,5.20,,90441
281.935890,-40.406167,5.20,Mu CrA,92226
284.256615,32.901273,5.20,,93017
286.856535,32.501738,5.20,,93917
316.602825,-32.341618,5.20,,104174
316.721910,38.749415,5.20,,104214
349.777770,-13.458552,5.20,,115126
16.949355,-41.486916,5.21,Ups Phe,5300
18.432855,7.575354,5.21,Revati,5737
40.164990,-54.549911,5.21,Zet Hor,12484
61.751925,29.001299,5.21,Psi Tau,19205
89.706555,0.552979,5.21,,28296
96.043005,-11.530088,5.21,,30457
96.703650,58.417409,5.21,,30679
100.484940,-9.167537,5.21,,32064
171.372780,-36.063062,5.21,,55756
198.994830,-19.943103,5.21,,64725
203.241975,-10.165000,5.21,,66098
237.573105,2.196509,5.21,Ome Ser,77578
260.816985,-47.468197,5.21,Iot Ara,85079
338.673450,-20.708216,5.21,Ups Aqr,111449
11.184990,-22.006135,5.22,,3505
31.381545,76.115060,5.22,,9763
44.675325,-2.782877,5.22,,13874
63.650970,10.011406,5.22,,19799
69.400545,-2.473548,5.22,,21547
76.535235,58.972372,5.22,,23734
80.451720,41.804572,5.22,Rho Aur,25048
97.951245,11.544412,5.22,,31119
101.914905,48.789476,5.22,Psi-6 Aur,32562
105.484935,-5.722065,5.22,,33878
112.008645,6.941968,5.22,Eta CMi,36265
116.881275,-46.608490,5.22,,38020
119.868255,-39.296944,5.22,,39061
134.312280,15.322762,5.22,Omi-1 Cnc,43970
168.188520,-64.169770,5.22,,54767
171.647610,-61.115167,5.22,,55831
180.528585,43.045600,5.22,,58684
191.404410,7.673326,5.22,,62267
214.965030,-61.272972,5.22,,70035
221.755410,-52.383518,5.22,,72290
251.943405,5.246746,5.22,,82216
282.417105,-20.324656,5.22,,92390
282.470490,32.551058,5.22,Nu-2 Lyr,92405
290.712015,26.262403,5.22,,95260
300.368910,64.820974,5.22,,98583
322.362240,46.540585,5.22,,106093
352.822350,39.236198,5.22,Veritate,116076
20.280705,28.738207,5.23,,6315
33.200325,21.210993,5.23,Eta Ari,10306
46.639545,-6.088555,5.23,,14456
101.118615,-31.070523,5.23,,32292
111.035280,40.672389,5.23,,35907
122.429820,-47.937193,5.23,,39970
133.915335,27.927481,5.23,Rho-2 Cnc,43834
134.886075,32.418559,5.23,Sig-3 Cnc,44154
135.435690,-52.188685,5.23,,44337
136.936725,10.668191,5.23,Kap Cnc,44798
149.717865,-35.890973,5.23,Eta Ant,48926
161.623335,-64.263242,5.23,,52701
163.373040,-20.138731,5.23,,53252
193.868970,65.438474,5.23,Taiyi,63076
221.936685,-26.087500,5.23,,72357
235.659675,-37.424935,5.23,,76939
243.670350,33.858613,5.23,Sig CrB,79607
252.890505,-41.230534,5.23,,82493
253.648725,-6.153982,5.23,,82730
263.747550,61.874554,5.23,,86036
287.249640,6.073207,5.23,,94068
300.505950,24.938043,5.23,,98636
2.933280,-35.133119,5.24,The Scl,950
12.671520,-50.986816,5.24,Rho Phe,3949
25.624050,20.268504,5.24,,7981
45.217515,52.351744,5.24,,14043
49.549635,-62.506363,5.24,Zet-2 Ret,15371
54.072555,-17.467064,5.24,,16803
56.127120,-1.163091,5.24,,17457
56.915205,-23.874677,5.24,Tau-7 Eri,17717
57.578895,25.579362,5.24,,17954
65.471940,-63.386391,5.24,Eta Ret,20384
68.549040,-8.970258,5.24,,21297
80.865975,57.544395,5.24,,25197
83.914515,-4.856067,5.24,,26268
101.684745,43.577427,5.24,Psi-5 Aur,32480
109.639635,-39.210285,5.24,,35393
113.024790,1.914481,5.24,Del-1 CMi,36641
129.467310,-26.255000,5.24,Eta Pyx,42334
138.602040,-43.227493,5.24,,45344
139.173900,-6.353144,5.24,,45527
174.615030,8.134298,5.24,Ome Vir,56779
197.846835,-43.368553,5.24,,64348
226.569570,54.556318,5.24,,73909
243.462105,-11.837747,5.24,Chi Sco,79540
246.931065,-7.597929,5.24,,80620
247.639800,20.479188,5.24,,80843
276.076005,-44.110256,5.24,,90200
299.276235,-58.901351,5.24,,98174
309.817995,-14.954760,5.24,Tau Cap,101923
314.771295,4.294610,5.24,,103571
325.502880,-23.262858,5.24,,107128
332.952720,56.839357,5.24,,109572
341.888025,-19.613375,5.24,,112529
356.050320,-18.276938,5.24,,117089
270.768030,-8.181708,5.24,Tau Oph,
25.535835,-32.326970,5.25,Pi Scl,7955
33.984525,33.358895,5.25,,10559
42.255930,-62.806521,5.25,Nu Hor,13141
80.875650,-13.927352,5.25,,25202
98.089065,-37.696702,5.25,,31165
99.448365,-32.339735,5.25,,31688
116.567505,10.768252,5.25,,37921
121.067460,-32.674829,5.25,,39487
154.407510,-8.068914,5.25,Eps Sex,50414
157.770720,82.558587,5.25,,51502
234.456615,40.353433,5.25,Phi Boo,76534
264.523065,-54.500434,5.25,Pi Ara,86305
270.596040,20.833632,5.25,,88331
275.704320,17.826616,5.25,,90067
281.444835,74.085553,5.25,,92056
286.825545,36.100157,5.25,Iot Lyr,93903
318.262650,-39.424922,5.25,,104738
340.369380,40.225449,5.25,,112031
345.886920,67.209210,5.25,,113864
42.323160,17.464309,5.26,Pi Ari,13165
46.068810,-7.600857,5.26,Rho-3 Eri,14293
65.151285,15.095453,5.26,,20261
65.168115,65.140441,5.26,,20266
87.000975,6.454156,5.26,,27386
98.800260,28.022314,5.26,,31434
138.575025,-55.569629,5.26,,45328
139.524495,-51.050859,5.26,,45631
149.555730,12.444800,5.26,Nu Leo,48883
152.178345,-65.815438,5.26,,49698
163.128540,-57.240405,5.26,,53154
173.981565,-47.641643,5.26,,56573
175.196130,21.352730,5.26,,56975
178.677240,-25.713887,5.26,,58082
208.020315,-52.811530,5.26,,67703
212.072175,49.458167,5.26,,69068
232.351125,-46.732704,5.26,,75828
234.123240,10.010176,5.26,,76425
245.453040,69.109391,5.26,,80161
284.939490,26.230404,5.26,,93256
330.970635,63.119920,5.26,,108924
22.525425,47.007274,5.27,,6999
31.279725,77.281341,5.27,,9727
33.226950,-30.723825,5.27,Mu For,10320
37.875405,2.267182,5.27,,11738
37.917510,-79.109382,5.27,Mu Hyi,11757
50.306760,21.147086,5.27,Tau-1 Ari,15627
66.354210,22.199998,5.27,Kap-2 Tau,20641
94.928325,-7.822908,5.27,,30073
101.839170,-37.929698,5.27,,32537
113.402010,15.826662,5.27,,36760
128.814870,-58.224735,5.27,,42129
148.929180,49.819843,5.27,,48682
153.345240,-51.232971,5.27,,50070
157.219110,-64.172278,5.27,,51313
176.731740,55.628190,5.27,,57477
190.709475,-63.058624,5.27,,62027
201.679875,-12.707664,5.27,,65581
223.583880,-24.642202,5.27,,72929
245.111925,-78.667496,5.27,Del-2 Aps,80057
255.401505,33.568270,5.27,,83313
255.786285,-53.237028,5.27,Eps-2 Ara,83431
284.773920,13.622245,5.27,,93203
304.230360,40.365075,5.27,,99968
327.726195,-82.718904,5.27,Lam Oct,107843
331.252035,62.785671,5.27,,109005
333.292515,86.107955,5.27,,109693
355.615935,-15.448033,5.27,,116957
24.628890,73.040040,5.28,,7650
59.152050,50.695381,5.28,,18453
60.383535,-1.549660,5.28,,18788
71.088075,-59.732733,5.28,Kap Dor,22040
76.951665,20.418379,5.28,,23871
84.435915,-28.689690,5.28,Nu-2 Col,26460
86.928780,13.899599,5.28,,27364
91.923495,-19.165866,5.28,,29048
97.454535,-50.239085,5.28,,30953
101.712885,-14.425971,5.28,,32492
102.887685,21.761148,5.28,,32921
125.518770,-73.399985,5.28,Eta Vol,41003
131.812440,-1.897033,5.28,,43142
138.957480,56.741406,5.28,,45455
139.355010,-74.894313,5.28,,45581
144.590745,40.239793,5.28,,47300
176.433240,-45.690134,5.28,,57371
180.213165,-19.658982,5.28,,58587
184.952985,48.984148,5.28,,60122
228.621525,29.164295,5.28,Chi Boo,74596
246.988770,-64.057942,5.28,Iot TrA,80645
249.501930,56.015540,5.28,,81437
261.716580,-45.843030,5.28,,85389
278.490690,-33.016560,5.28,,91014
289.454160,11.595422,5.28,Ome-1 Aql,94834
295.641705,11.826583,5.28,Chi Aql,96957
299.059380,11.423721,5.28,Phi Aql,98103
304.848345,-19.118533,5.28,Sig Cap,100195
336.146460,-72.255412,5.28,Nu Ind,110618
356.503830,-18.678340,5.28,,117218
2.509395,-82.224047,5.29,Gam-3 Oct,814
3.041595,-17.938278,5.29,,983
26.411445,-25.052610,5.29,Eps Scl,8209
29.908380,64.621602,5.29,,9312
34.737465,28.642674,5.29,,10793
35.485950,0.395675,5.29,,11021
37.041585,29.669330,5.29,,11486
63.387930,7.716045,5.29,,19719
66.526260,31.438911,5.29,,20704
72.001035,56.757183,5.29,,22287
79.995930,-12.315585,5.29,Nu Lep,24873
85.563315,-34.667812,5.29,,26868
88.708740,-52.635481,5.29,,27947
103.945530,-22.941439,5.29,,33316
109.713645,-26.585854,5.29,,35427
147.970980,24.395369,5.29,,48390
187.227945,25.912852,5.29,,60904
213.711870,10.100610,5.29,,69612
273.803775,-20.728270,5.29,,89439
283.698450,-87.605843,5.29,Chi Oct,92824
321.715020,48.835168,5.29,,105898
323.024475,-41.179310,5.29,Xi Gru,106327
326.518185,22.948880,5.29,,107472
331.197585,-0.906343,5.29,,108991
10.279950,39.458664,5.30,,3231
39.351375,-52.543086,5.30,Eta Hor,12225
40.171125,27.060943,5.30,,12489
53.109465,46.056862,5.30,,16499
70.693485,-50.481334,5.30,Lam Pic,21914
70.726335,43.365138,5.30,,21928
75.679185,-71.314300,5.30,Bet Men,23467
101.497485,-14.796127,5.30,,32411
108.065880,-40.498808,5.30,,34802
116.028810,25.784159,5.30,,37704
119.586060,2.224767,5.30,,38962
121.941060,21.581816,5.30,Mu-2 Cnc,39780
132.340530,-3.443023,5.30,,43305
138.450885,43.217825,5.30,,45290
145.177410,-57.983553,5.30,,47479
152.524530,-12.815923,5.30,,49809
172.267215,39.336974,5.30,,56034
260.839965,-28.142831,5.30,,85084
274.794495,24.446059,5.30,,89773
295.180755,-16.293268,5.30,,96808
299.963925,-34.697799,5.30,The-2 Sgr,98421
304.196190,24.671102,5.30,,99951
305.794560,5.342987,5.30,,100541
314.568135,22.325908,5.30,,103511
314.768655,4.293481,5.30,Eps Equ,103569
317.140095,-21.193669,5.30,Chi Cap,104365
321.839025,37.116798,5.30,,105942
325.564380,5.680137,5.30,,107151
346.913625,46.387231,5.30,,114200
355.158990,-32.073125,5.30,Mu Scl,116820
358.154610,10.947320,5.30,,117730
33.400920,51.065818,5.31,,10366
34.820055,47.379973,5.31,,10819
86.614050,-46.597180,5.31,,27243
116.017425,50.433794,5.31,,37701
133.460820,-47.520778,5.31,,43671
139.237845,-39.401539,5.31,,45544
168.966255,13.307578,5.31,,55016
175.262565,34.201635,5.31,,56997
176.978760,8.245895,5.31,,57562
183.511275,-45.723919,5.31,,59654
198.545415,-19.930947,5.31,,64577
247.924035,-41.817145,5.31,,80945
262.599150,-1.062922,5.31,,85667
287.469630,-68.424448,5.31,,94150
318.936840,-15.171500,5.31,,104974
336.234570,-57.797415,5.31,,110649
17.663685,68.778621,5.32,,5518
45.676140,-7.685472,5.32,Rho-2 Eri,14168
50.804955,49.213269,5.32,,15770
60.935850,5.435624,5.32,,18957
69.306975,0.998314,5.32,,21515
83.569890,3.766895,5.32,,26126
117.256980,-24.912208,5.32,,38146
126.265590,-24.046212,5.32,,41260
162.314295,10.545202,5.32,,52911
175.618335,66.744906,5.32,,57111
185.897610,-35.412677,5.32,,60449
201.308520,-64.485144,5.32,,65479
222.329385,-14.149022,5.32,Mu Lib,72489
223.936275,-33.855785,5.32,,73049
228.797310,4.939362,5.32,,74649
245.616660,-49.572354,5.32,,80208
258.115875,10.585168,5.32,,84177
297.960840,-39.874367,5.32,,97749
300.468450,-66.943966,5.32,Mu-2 Pav,98624
302.799480,-36.101212,5.32,,99461
315.741495,-38.631447,5.32,Zet Mic,103882
342.594825,-80.123845,5.32,Xi Oct,112781
16.420635,21.473181,5.33,Psi-1 Psc,5131
64.819515,-44.267919,5.33,,20161
73.344885,2.508225,5.33,,22730
73.699095,7.779097,5.33,,22834
76.970385,8.498429,5.33,,23879
121.825170,-20.554342,5.33,,39734
124.954110,-71.514906,5.33,Kap-1 Vol,40817
127.269810,-47.928923,5.33,,41616
127.898880,18.094420,5.33,The Cnc,41822
128.177085,20.441162,5.33,Eta Cnc,41909
161.569035,-64.514559,5.33,,52678
199.315110,13.675751,5.33,,64823
275.721150,-36.669556,5.33,,90074
284.561445,17.360912,5.33,,93124
297.004815,-56.362611,5.33,Nu Tel,97421
300.013785,17.516511,5.33,,98438
333.575130,-21.074566,5.33,,109786
353.367060,22.498775,5.33,,116264
30.311385,-30.001830,5.34,Pi For,9440
43.427520,38.337488,5.34,,13490
56.418510,6.049991,5.34,,17563
64.902930,21.773491,5.34,,20186
79.796745,2.595806,5.34,,24817
83.172300,-1.591831,5.34,,25980
83.248095,-64.227517,5.34,,26001
93.854700,16.143175,5.34,,29704
95.442165,53.452179,5.34,,30247
99.704925,39.902559,5.34,Psi-3 Aur,31789
101.706255,57.169176,5.34,,32489
103.271070,59.448543,5.34,,33048
113.786670,30.960924,5.34,,36896
123.203280,68.474072,5.34,,40215
132.644730,-66.792981,5.34,,43414
141.040200,-80.786876,5.34,Iot Cha,46107
155.872170,-38.009839,5.34,,50888
181.162185,-68.328912,5.34,,58884
182.061330,-48.692487,5.34,,59184
193.988070,-56.835806,5.34,,63117
216.202620,-24.806310,5.34,,70469
235.447560,12.847528,5.34,Chi Ser,76866
253.241940,31.701674,5.34,,82587
293.671905,42.412509,5.34,,96288
313.417410,-39.809865,5.34,,103127
327.536235,17.285851,5.34,,107788
333.199260,34.604592,5.34,,109654
334.200180,-12.831436,5.34,,110000
344.268750,48.684068,5.34,,113327
12.681630,64.247549,5.35,,3951
14.006205,-11.266526,5.35,Phi-3 Cet,4371
21.563595,19.172346,5.35,Rho Psc,6706
71.507250,11.705591,5.35,,22157
91.646235,38.482644,5.35,,28946
92.495850,58.935694,5.35,,29246
111.182730,-31.808905,5.35,,35957
112.483005,49.672463,5.35,,36439
130.254435,45.834010,5.35,,42604
143.080320,-40.649335,5.35,,46811
205.765470,3.537903,5.35,,66936
230.258310,0.715337,5.35,,75119
238.657740,43.138567,5.35,,77907
242.031585,-26.326679,5.35,,79050
247.426365,-46.243229,5.35,,80782
253.842375,18.433213,5.35,,82802
264.156855,48.585634,5.35,,86182
284.070660,-42.710676,5.35,,92953
288.169635,-7.939518,5.35,,94385
335.049645,-7.821102,5.35,Rho Aqr,110273
350.478885,31.812465,5.35,,115355
354.784740,50.471733,5.35,,116709
9.981540,21.438495,5.36,,3138
11.637330,15.475504,5.36,,3632
16.827570,-61.775289,5.36,Iot Tuc,5268
36.224805,-60.311947,5.36,Lam Hor,11258
38.039250,-1.034896,5.36,,11791
61.041150,2.826947,5.36,,18993
69.991890,53.473021,5.36,,21730
83.381025,-1.156073,5.36,,26063
87.841605,-7.518003,5.36,,27658
93.212730,65.718422,5.36,,29490
94.710765,-9.390018,5.36,,29996
108.583590,3.111414,5.36,,34987
108.837810,-30.686447,5.36,,35083
116.396040,-34.172363,5.36,,37853
119.240850,-43.500411,5.36,,38846
122.887515,-7.772539,5.36,,40107
138.807720,14.941507,5.36,Pi-2 Cnc,45410
145.932930,14.021692,5.36,Psi Leo,47723
160.669035,-59.215759,5.36,,52405
161.466240,30.682313,5.36,,52638
179.987130,3.655197,5.36,,58510
200.754645,-17.735274,5.36,,65301
221.322030,-62.875648,5.36,,72131
231.187560,-39.710268,5.36,Ups Lup,75439
234.727320,-19.301892,5.36,,76628
260.040975,25.537603,5.36,,84821
274.281390,-56.023351,5.36,,89605
284.168730,-37.343241,5.36,,92989
311.889750,80.552262,5.36,,102599
334.564335,-53.627073,5.36,,110109
355.393710,-18.027077,5.36,,116889
26.496915,-5.733299,5.37,,8230
75.702915,-49.151407,5.37,Eta-1 Pic,23482
83.863035,24.039589,5.37,,26248
91.661400,-4.193836,5.37,,28949
93.918855,59.998975,5.37,,29730
96.369345,-69.690299,5.37,Pi-2 Dor,30565
110.870790,-27.834294,5.37,,35848
111.242415,11.669524,5.37,,35987
120.048960,73.917919,5.37,,39117
150.252960,31.923672,5.37,,49081
168.137865,-49.100996,5.37,,54746
187.489005,58.405742,5.37,,60978
194.979975,66.597272,5.37,,63432
224.471325,-76.662655,5.37,,73223
244.313925,59.755023,5.37,,79804
246.005325,-39.192980,5.37,,80337
270.712905,-24.282468,5.37,,88380
277.770180,-32.989114,5.37,,90763
281.585865,-22.392176,5.37,,92111
281.592735,75.433964,5.37,,92112
332.482095,-34.014967,5.37,,109404
333.008400,60.759095,5.37,,109592
335.114910,5.789498,5.37,,110298
346.165020,-53.964905,5.37,Kap Gru,113957
5.149425,8.190271,5.38,,1645
6.197895,61.831057,5.38,,1960
8.147835,20.294316,5.38,,2568
10.618035,-65.468030,5.38,Rho Tuc,3330
38.945040,34.687558,5.38,,12086
60.653100,-0.268923,5.38,,18859
65.162550,-20.639622,5.38,,20264
65.645595,25.629314,5.38,Chi Tau,20430
69.775650,7.870976,5.38,,21670
79.750110,33.748394,5.38,,24799
110.161710,-52.085924,5.38,,35589
118.916235,19.883970,5.38,,38722
139.322235,-68.689642,5.38,,45571
141.944925,-6.071187,5.38,,46404
185.706045,-57.676132,5.38,,60379
186.870285,-58.991756,5.38,,60781
192.307440,83.412901,5.38,,62572
205.504605,-58.787078,5.38,,66849
217.587345,-49.519018,5.38,,70931
224.071845,-52.809548,5.38,,73095
230.452425,32.933695,5.38,,75178
238.474650,-24.533157,5.38,,77858
260.164800,32.467743,5.38,,84862
277.420755,-1.985308,5.38,,90642
278.486235,52.353517,5.38,,91013
279.115965,9.122491,5.38,,91217
281.870625,-5.705147,5.38,,92202
289.090590,-45.466033,5.38,,94712
297.694935,-10.763512,5.38,,97650
301.590825,35.972468,5.38,,99031
307.060305,81.422708,5.38,,100965
315.295530,46.155773,5.38,,103732
321.039975,-20.851869,5.38,,105665
332.791035,50.823393,5.38,,109521
15.704955,-46.397311,5.39,,4890
42.475740,-27.941981,5.39,Gam-2 For,13202
58.992360,47.871420,5.39,,18396
62.707755,26.480952,5.39,,19513
71.107620,11.146137,5.39,,22044
74.960220,-10.263325,5.39,,23221
94.277580,9.942390,5.39,,29850
101.719500,-51.265667,5.39,,32494
102.240570,-15.144726,5.39,,32677
121.196520,79.479612,5.39,,39538
142.885065,35.103273,5.39,,46735
171.009690,1.407765,5.39,,55650
173.405055,-40.586637,5.39,,56391
219.333990,-46.133439,5.39,,71500
219.709335,44.404500,5.39,,71618
236.523495,-1.804193,5.39,,77227
240.261180,33.303509,5.39,Rho CrB,78459
242.460495,-3.466729,5.39,,79195
253.729860,20.958488,5.39,,82764
260.524485,-70.123208,5.39,Iot Aps,84979
275.036625,-15.831697,5.39,,89851
285.056985,50.533466,5.39,,93299
293.712195,29.462954,5.39,,96302
297.355410,-72.503378,5.39,,97534
308.487675,13.027255,5.39,Eta Del,101483
321.916890,27.608593,5.39,,105966
347.506080,9.822082,5.39,,114389
15.760575,-4.836601,5.40,,4914
40.638975,-50.800294,5.40,Iot Hor,12653
57.307140,70.871050,5.40,,17854
65.448405,60.735625,5.40,,20376
67.655670,13.724402,5.40,,21036
81.792060,17.962216,5.40,,25499
84.658695,30.492412,5.40,,26536
99.136815,38.445500,5.40,,31579
110.752905,-31.923781,5.40,,35795
133.561365,30.579115,5.40,,43721
142.114170,9.056778,5.40,Ome Leo,46454
142.166625,45.601483,5.40,Intercrus,46471
143.915010,35.810133,5.40,,47080
168.439800,-0.069502,5.40,,54849
202.113045,59.945787,5.40,,65728
216.614025,19.226900,5.40,,70602
232.878420,-73.389591,5.40,Kap-1 Aps,76013
245.621745,33.703478,5.40,Nu-2 CrB,80214
246.165690,-29.704663,5.40,,80399
281.238150,-39.686188,5.40,,91989
285.727080,-3.698987,5.40,,93526
286.229865,53.396654,5.40,,93713
286.240305,-4.031420,5.40,,93717
301.386660,61.995420,5.40,,98962
319.488690,-17.985138,5.40,,105143
250.322355,31.601207,5.40,,
318.620865,10.006094,5.40,,
2.893410,-27.799737,5.41,Kap-2 Scl,930
11.321610,55.221396,5.41,,3544
23.995695,-15.400183,5.41,,7450
102.862425,-70.963411,5.41,Iot Vol,32912
106.669860,-11.294014,5.41,,34301
110.882895,-32.202067,5.41,,35855
112.273740,-38.812065,5.41,,36363
115.315905,-38.533532,5.41,,37450
189.426135,-27.138888,5.41,,61621
206.855790,-17.859839,5.41,,67288
214.817820,13.004299,5.41,,69989
236.018340,-15.672834,5.41,Eta Lib,77060
238.482765,-23.978094,5.41,,77859
247.141590,0.665002,5.41,,80693
257.008605,35.935174,5.41,,83838
262.206900,0.330625,5.41,,85537
274.789740,7.259767,5.41,,89772
275.536245,23.285176,5.41,,90023
279.155595,33.469036,5.41,,91235
294.860340,42.818278,5.41,,96693
297.686625,-59.193667,5.41,,97646
310.552620,50.340030,5.41,,102177
312.325995,-68.776521,5.41,Sig Pav,102773
318.322185,-27.619333,5.41,,104750
2.337765,-27.987928,5.42,Kap-1 Scl,761
7.110405,-39.915002,5.42,,2240
11.941785,74.847573,5.42,,3721
19.151205,-2.500368,5.42,,5951
21.169935,-41.492549,5.42,,6592
28.322280,40.729790,5.42,,8814
30.798540,0.128507,5.42,,9589
35.551650,-0.884852,5.42,,11046
66.762090,80.824159,5.42,,20776
98.456175,-36.232029,5.42,,31299
101.189415,28.970932,5.42,,32311
113.462685,-36.338392,5.42,,36778
127.878855,-19.577462,5.42,,41817
137.000220,29.654235,5.42,Tau Cnc,44818
154.169745,13.728334,5.42,,50333
176.829810,-57.696498,5.42,,57512
188.412150,33.247584,5.42,,61309
191.282610,45.440256,5.42,La Superba,62223
217.173840,-6.900536,5.42,,70794
246.132315,-37.566044,5.42,,80390
279.896520,-43.185878,5.42,,91494
309.454665,11.377676,5.42,Iot Del,101800
321.942300,66.809096,5.42,,105972
347.170500,2.127883,5.42,,114273
29.942490,-20.824539,5.43,,9326
30.111765,-8.523873,5.43,,9372
35.506380,-10.777534,5.43,,11029
41.021490,44.297040,5.43,,12768
77.331840,9.829579,5.43,,23983
82.542525,63.067220,5.43,,25769
97.958595,-8.158235,5.43,,31121
131.627280,-45.912504,5.43,,43082
134.174235,-85.663152,5.43,Zet Oct,43908
146.585280,-76.776120,5.43,Nu Cha,47956
158.049060,14.137270,5.43,,51585
166.225815,-35.804678,5.43,,54173
167.183355,-28.080670,5.43,,54477
191.893095,66.790304,5.43,Tianyi,62423
229.704765,-60.496334,5.43,,74941
234.706185,-52.372695,5.43,,76618
238.948260,37.946958,5.43,Lam CrB,78012
239.645280,-24.831488,5.43,,78246
243.030480,-8.547576,5.43,,79387
257.449785,-10.523301,5.43,,83962
268.796430,72.005127,5.43,Psi-2 Dra,87728
279.162810,6.671805,5.43,,91237
283.068450,21.425142,5.43,,92614
330.209265,-28.453736,5.43,Eta PsA,108661
332.656170,-11.564939,5.43,,109472
342.442815,55.902777,5.43,,112731
342.758985,-39.156834,5.43,,112832
344.864400,0.962927,5.43,,113521
357.209055,62.214516,5.43,,117447
14.458965,28.992217,5.44,,4510
44.349000,-23.862164,5.44,,13782
50.081745,77.734740,5.44,,15547
57.086730,23.421250,5.44,,17776
62.593845,-6.923852,5.44,,19483
78.093555,73.946674,5.44,,24254
79.842195,-50.605967,5.44,Zet Pic,24829
84.957675,-32.629216,5.44,,26649
93.937350,12.551067,5.44,,29736
101.560050,79.564811,5.44,,32439
103.602765,-1.126996,5.44,,33184
107.848395,-0.301928,5.44,,34724
118.264620,-36.363769,5.44,,38497
133.981455,11.626023,5.44,,43851
134.235840,32.910430,5.44,Sig-2 Cnc,43932
144.302760,-53.668508,5.44,,47204
161.716905,-17.296874,5.44,,52737
179.563470,-56.317310,5.44,,58379
197.029815,-65.306023,5.44,The Mus,64094
234.050460,-44.396823,5.44,,76397
241.582125,67.810134,5.44,,78893
244.823520,-42.673965,5.44,Lam Nor,79963
269.198940,-4.081823,5.44,,87847
276.725040,-48.117243,5.44,,90414
303.307845,-1.009339,5.44,,99631
307.828395,49.220297,5.44,Ome-2 Cyg,101243
346.290780,-7.693801,5.44,,113996
349.874175,48.625322,5.44,,115152
9.338415,35.399501,5.45,,2942
9.791220,49.354589,5.45,,3083
13.751265,-69.527084,5.45,Lam-2 Tuc,4293
39.704145,21.961408,5.45,Nu Ari,12332
46.361205,25.255174,5.45,,14376
56.200890,24.289470,5.45,Celaeno,17489
60.985845,8.197269,5.45,,18975
62.324310,-16.385875,5.45,,19398
63.702285,-62.191811,5.45,,19805
70.014240,12.197609,5.45,,21735
83.214195,-38.513371,5.45,,25993
104.143665,-79.420193,5.45,The Men,33384
104.391300,-24.630841,5.45,,33478
112.951650,17.086046,5.45,,36616
126.466305,-42.153072,5.45,,41323
129.328500,-62.853465,5.45,,42286
129.849390,-53.439767,5.45,,42459
135.684435,24.452915,5.45,Nu Cnc,44405
142.521315,-51.517164,5.45,,46594
163.432140,-2.129205,5.45,,53273
182.766015,-23.602423,5.45,,59394
187.093620,-39.041172,5.45,,60855
193.743285,-85.123369,5.45,Iot Oct,63031
225.746985,-32.643294,5.45,,73624
227.816595,-55.346032,5.45,,74305
238.644225,20.310968,5.45,,77902
244.180305,-53.811109,5.45,,79754
273.972645,-44.206461,5.45,,89507
291.373590,-23.962457,5.45,Chi-3 Sgr,95503
294.447150,-4.647640,5.45,,96556
317.191785,-88.956499,5.45,Polaris Australis,104382
329.094885,-37.253655,5.45,,108294
333.578130,-27.766908,5.45,Lam PsA,109789
337.470705,78.824285,5.45,Rho-2 Cep,111056
344.366550,20.768832,5.45,Helvetios,113357
13.742085,23.628335,5.46,,4288
61.090305,24.105993,5.46,,19009
64.805085,50.048695,5.46,,20156
69.832125,-14.359192,5.46,,21685
80.061135,41.086212,5.46,,24902
82.539480,-47.077655,5.46,,25768
82.810545,3.292133,5.46,,25861
86.475180,49.826255,5.46,Omi Aur,27196
87.569985,-79.361362,5.46,Kap Men,27566
91.633740,-23.110846,5.46,,28943
107.580510,-27.491520,5.46,,34624
108.347490,51.428745,5.46,,34912
109.060650,-15.585689,5.46,,35180
130.331595,-78.963359,5.46,Eta Cha,42637
141.776820,-71.601895,5.46,,46358
142.901280,-73.080913,5.46,,46741
161.318190,-80.469597,5.46,Del-1 Cha,52595
173.086455,61.082520,5.46,,56290
174.391710,-47.747309,5.46,,56700
191.002215,-28.323957,5.46,,62131
193.831005,-42.915732,5.46,,63066
204.877080,52.921208,5.46,,66634
206.910780,-50.320682,5.46,,67304
211.678440,-9.313515,5.46,,68940
231.572490,34.335996,5.46,,75572
231.825555,-36.767560,5.46,,75647
243.314295,5.021086,5.46,,79488
249.094020,-42.858861,5.46,,81305
253.507650,-41.806389,5.46,,82676
282.210360,-43.680047,5.46,Eta-1 CrA,92308
283.717410,41.602723,5.46,,92831
289.431810,23.025540,5.46,,94827
290.148690,-0.892161,5.46,,95073
292.467435,-26.985615,5.46,,95865
294.393405,-14.301801,5.46,,96536
299.307780,40.367824,5.46,,98194
324.439275,19.318607,5.46,,106787
13.169265,-24.005844,5.47,,4104
44.957460,47.220693,5.47,,13965
53.035815,48.023476,5.47,,16470
67.502385,83.340379,5.47,,20982
67.662030,15.691879,5.47,,21039
73.021635,63.505421,5.47,,22626
73.796475,-74.936852,5.47,Eta Men,22871
82.318740,25.150215,5.47,,25695
86.859150,17.729141,5.47,,27338
107.091825,15.930675,5.47,,34440
118.677960,47.564596,5.47,,38639
128.650665,65.145170,5.47,,42080
132.413175,-40.320158,5.47,,43325
137.398200,-8.787648,5.47,,44961
159.362805,-58.733339,5.47,,52004
165.061260,45.526276,5.47,,53781
184.708515,75.160561,5.47,,60044
187.362675,24.108925,5.47,,60941
187.752345,24.567168,5.47,,61071
200.157645,-52.747825,5.47,,65112
210.594930,-27.429773,5.47,,68581
222.623655,37.272047,5.47,,72582
240.081705,-16.533350,5.47,,78400
259.764825,-46.636235,5.47,,84720
268.854945,26.049991,5.47,,87747
272.609220,-62.002197,5.47,Iot Pav,89042
273.302910,-41.336111,5.47,,89290
275.901840,-75.044277,5.47,Phi Oct,90133
278.180505,-14.865662,5.47,,90913
278.208150,30.554209,5.47,,90923
310.082610,-33.431843,5.47,,102014
313.474560,33.437891,5.47,,103145
322.186815,-69.505386,5.47,,106044
336.503310,70.770898,5.47,,110725
337.163355,-39.131792,5.47,Nu Gru,110936
36.204405,10.610565,5.48,Xi Ari,11249
42.668355,-35.675849,5.48,Eta-3 For,13265
58.173570,-5.361259,5.48,,18141
79.417680,-13.519826,5.48,,24679
95.352975,-11.773238,5.48,,30214
116.986335,-12.192705,5.48,,38048
118.545870,-35.877287,5.48,,38593
130.567470,-48.099090,5.48,,42712
136.350420,48.530314,5.48,,44613
174.666735,-13.201943,5.48,Iot Crt,56802
188.444790,-9.452077,5.48,,61318
222.860430,59.293985,5.48,,72664
224.192130,-11.409701,5.48,Xi-2 Lib,73133
235.711605,52.360903,5.48,,76957
242.706360,75.877563,5.48,,79280
244.979850,39.708584,5.48,,80008
251.699835,-39.376962,5.48,,82135
252.580755,7.247683,5.48,,82402
254.296560,-33.259492,5.48,,82960
311.583570,-39.199262,5.48,,102497
313.327350,45.181673,5.48,,103094
321.047880,-12.878108,5.48,,105668
321.320655,-3.556747,5.48,,105767
11.548935,-22.522097,5.49,,3607
23.233545,-36.865231,5.49,,7213
26.524800,-50.816256,5.49,,8240
46.533045,79.418535,5.49,,14417
49.447275,44.025024,5.49,,15338
59.119545,35.080899,5.49,,18434
71.901195,-16.934456,5.49,,22263
87.402255,-14.483665,5.49,,27517
92.241105,-22.427412,5.49,,29150
116.509125,-6.772511,5.49,,37901
130.579170,-53.100056,5.49,,42715
139.172370,-8.744759,5.49,,45526
142.477110,-26.589616,5.49,,46578
154.060155,29.310501,5.49,,50303
161.605335,14.194645,5.49,,52689
187.918065,-59.423922,5.49,,61136
189.780465,21.062559,5.49,,61724
243.905280,-8.369442,5.49,,79672
272.009385,36.401264,5.49,,88836
273.566250,-21.713164,5.49,,89369
278.472855,-24.032283,5.49,,91004
286.104405,-31.047079,5.49,,93667
295.889700,-15.470105,5.49,,97063
314.225115,-9.697545,5.49,,103401
334.461135,-77.511553,5.49,Psi Oct,110078
354.486675,18.400667,5.49,,116611
356.985600,-2.761598,5.49,,117375
5.162670,-69.624913,5.50,Pi Tuc,1647
15.610110,-31.552005,5.50,Sig Scl,4852
15.704565,31.804263,5.50,Sig Psc,4889
21.673650,19.240422,5.50,,6732
30.741495,33.284135,5.50,Eps Tri,9570
50.350050,-23.635135,5.50,,15643
51.076980,24.724063,5.50,,15861
64.858740,21.142307,5.50,,20171
74.100780,-5.171356,5.50,,22958
77.027595,24.265175,5.50,,23900
78.683535,5.156151,5.50,,24450
83.058930,17.058128,5.50,,25950
91.970250,-42.154043,5.50,Pi-2 Col,29064
105.812925,-59.178109,5.50,,34000
110.089320,-52.311524,5.50,,35564
149.965425,56.811807,5.50,,49005
158.803575,-39.562589,5.50,,51821
161.602260,18.891523,5.50,,52686
173.737095,-49.136490,5.50,,56497
204.295965,71.242252,5.50,,66435
206.484660,-12.426528,5.50,,67172
233.152920,-19.670460,5.50,,76106
233.241405,-1.186399,5.50,,76133
242.469135,-33.545805,5.50,,79199
248.580660,-70.988097,5.50,,81141
248.936625,-65.495399,5.50,The TrA,81252
272.667915,3.324256,5.50,,89065
295.928850,25.771929,5.50,,97077
305.514300,24.446099,5.50,,100435
321.756810,-42.547930,5.50,,105913
329.824605,-38.395096,5.50,,108543
352.014900,-87.482214,5.50,Tau Oct,115836
8.921505,-48.000907,5.51,Lam-2 Phe,2802
11.756070,11.973849,5.51,,3675
17.092500,5.649819,5.51,,5346
21.714855,-13.056512,5.51,,6748
34.246020,-6.422116,5.51,,10642
45.564225,-71.902457,5.51,The Hyi,14131
48.989265,-77.388454,5.51,Iot Hyi,15201
62.291520,19.609217,5.51,Ome-1 Tau,19388
67.055385,83.807790,5.51,,20860
74.343090,17.153677,5.51,,23043
94.557195,-19.966974,5.51,,29941
126.819900,-70.093482,5.51,,41451
144.506040,-43.190944,5.51,,47267
160.047720,-65.100209,5.51,,52221
160.757865,26.325577,5.51,,52422
165.811995,-11.303470,5.51,,54029
182.227455,-41.231605,5.51,,59232
206.749155,38.542697,5.51,,67250
217.535985,-45.321355,5.51,,70915
224.388540,-0.167612,5.51,,73193
230.035710,29.616209,5.51,Omi CrB,75049
252.853875,1.215947,5.51,,82480
260.088045,46.240780,5.51,,84835
267.595380,29.322143,5.51,,87308
282.895680,52.975117,5.51,,92549
283.113435,-46.595119,5.51,,92630
284.849175,-12.840517,5.51,,93225
285.181080,55.658301,5.51,,93340
288.314685,-12.282584,5.51,,94437
296.505075,-31.908571,5.51,,97260
299.658240,30.983665,5.51,,98325
301.034640,7.277966,5.51,Tau Aql,98823
302.639730,26.904169,5.51,,99404
302.949900,26.808990,5.51,,99518
314.608065,10.839286,5.51,Musica,103527
319.815375,58.623502,5.51,,105259
325.776975,41.154970,5.51,,107235
337.491405,4.431690,5.51,,111062
344.898990,-29.462311,5.51,,113532
25.621875,-53.740834,5.52,,7978
42.873270,15.082071,5.52,Sig Ari,13327
56.983500,-30.167882,5.52,Rho For,17738
62.152455,38.039733,5.52,,19335
73.763055,55.259109,5.52,,22854
79.017225,11.341354,5.52,,24555
81.940035,15.874052,5.52,,25555
89.087265,-31.382440,5.52,Sig Col,28098
99.147210,-5.211143,5.52,,31583
120.686610,-41.309828,5.52,,39360
121.265445,-53.107921,5.52,,39566
123.392670,-50.196072,5.52,,40282
125.952135,53.219712,5.52,,41152
126.674805,-12.534602,5.52,,41395
154.531635,-28.992000,5.52,,50456
156.035850,33.718531,5.52,,50935
157.425555,84.252009,5.52,,51384
166.725870,1.955525,5.52,,54336
185.082000,26.619482,5.52,,60170
203.215185,-15.363012,5.52,,66091
225.332610,-2.754927,5.52,,73497
225.775245,35.205795,5.52,,73634
229.095885,-22.399416,5.52,,74732
261.704700,20.080977,5.52,,85385
271.951425,-17.154159,5.52,,88816
275.870100,-36.237987,5.52,,90124
289.300935,-66.661048,5.52,,94789
312.753165,-37.913332,5.52,,102916
327.696720,-69.629416,5.52,Omi Ind,107835
328.124670,28.793538,5.52,,107975
332.661930,70.132573,5.52,,109474
336.772125,65.132270,5.52,,110817
341.419965,-46.547328,5.52,,112381
0.333825,-50.337373,5.53,,107
27.997140,55.147385,5.53,,8704
39.000195,-7.831597,5.53,,12107
49.438545,-62.575322,5.53,Zet-1 Ret,15330
55.159725,-5.210706,5.53,,17167
66.822705,22.996337,5.53,,20789
67.133835,1.380821,5.53,,20884
70.766460,-70.931027,5.53,Mu Men,21949
71.033250,-18.666586,5.53,,22028
82.781775,-20.863659,5.53,,25853
84.265560,17.040324,5.53,,26382
96.607710,56.285096,5.53,,30651
122.665965,-13.799207,5.53,,40035
150.182865,-82.214670,5.53,Mu-1 Cha,49065
178.918890,15.646818,5.53,,58159
196.594170,22.616187,5.53,,63950
208.386555,-35.664248,5.53,,67819
213.318390,-53.665674,5.53,,69462
213.521595,12.959444,5.53,,69536
213.850365,-18.200690,5.53,,69658
233.230095,-16.852844,5.53,Zet-4 Lib,76126
237.236655,-3.818513,5.53,,77464
240.198465,-8.411353,5.53,,78436
244.886370,-30.906716,5.53,,79980
246.350700,37.394079,5.53,,80460
249.047610,52.900048,5.53,,81290
254.574765,-50.641185,5.53,,83057
259.265235,-32.662840,5.53,,84551
265.712910,-36.945564,5.53,,86698
272.524215,-30.728666,5.53,,89020
286.657200,28.628595,5.53,,93843
289.913955,12.374680,5.53,,94982
310.260585,32.307287,5.53,,102066
316.019685,-5.823066,5.53,,103981
322.747050,60.459432,5.53,,106227
326.855430,60.692689,5.53,,107586
333.455085,45.440613,5.53,,109745
335.878515,-24.762661,5.53,,110529
343.689480,-16.271957,5.53,,113148
346.217400,-68.820226,5.53,,113969
351.652350,-52.721603,5.53,Omi Gru,115713
2.509170,11.145813,5.54,,813
24.274650,12.141535,5.54,Pi Psc,7535
80.709660,41.029260,5.54,,25143
87.620445,14.305608,5.54,,27581
90.317910,-33.911835,5.54,,28524
92.543370,-40.353792,5.54,,29263
94.255125,-37.737445,5.54,,29842
102.051105,55.704195,5.54,,32609
108.958875,47.239964,5.54,,35136
111.409050,-79.094188,5.54,Eps Men,36039
138.231780,-59.413928,5.54,,45219
172.620975,18.409801,5.54,,56146
175.332540,-43.095667,5.54,,57013
180.185205,-10.446014,5.54,,58576
185.211915,57.864118,5.54,,60212
230.281710,-5.824853,5.54,,75127
236.971170,-65.442291,5.54,,77390
239.310720,14.414480,5.54,Phi Ser,78132
258.135705,62.874337,5.54,,84183
263.693130,-11.241999,5.54,,86019
265.494315,15.952430,5.54,,86623
298.006635,24.992162,5.54,,97765
299.439360,16.789163,5.54,,98234
313.910715,12.568558,5.54,,103298
314.855655,59.438594,5.54,,103598
329.234880,12.076492,5.54,,108339
349.541085,-40.824361,5.54,Phi Gru,115054
1.424835,13.396266,5.55,,476
8.421015,-29.558278,5.55,,2661
12.471495,27.710286,5.55,,3885
16.423785,21.465442,5.55,Psi-1 Psc,5132
24.531525,57.977631,5.55,,7617
36.865725,31.801280,5.55,,11432
48.109860,6.660883,5.55,,14915
50.549550,27.607553,5.55,,15696
54.963015,3.056863,5.55,,17103
55.282725,37.580198,5.55,,17203
65.047965,50.920933,5.55,,20234
79.565385,42.792111,5.55,,24738
88.718700,-39.957857,5.55,,27955
95.151000,-34.144144,5.55,,30143
96.814965,-0.275999,5.55,,30720
96.835215,2.908288,5.55,,30728
106.548330,34.473967,5.55,,34267
111.996510,-29.155896,5.55,,36258
115.513410,14.208503,5.55,,37521
124.884300,75.756907,5.55,,40793
132.893385,-7.177226,5.55,,43496
159.773715,53.668300,5.55,,52136
171.046500,-72.256608,5.55,,55657
192.437310,-71.986260,5.55,,62608
206.124270,-16.179072,5.55,,67057
215.040435,-43.058843,5.55,,70054
219.079320,-46.245451,5.55,,71419
220.431345,11.660662,5.55,,71837
246.431100,78.963854,5.55,,80480
250.473705,-19.924377,5.55,,81754
251.831925,-58.341441,5.55,,82171
260.431740,39.974649,5.55,,84949
292.830585,50.306706,5.55,,96014
313.036230,-5.507059,5.55,,103005
314.581005,44.471711,5.55,,103519
316.606305,-41.385965,5.55,Eta Mic,104177
330.519060,58.000366,5.55,,108772
330.818580,-6.522406,5.55,,108868
336.642795,-16.742138,5.55,,110778
345.330750,-28.853960,5.55,,113669
348.907155,70.888080,5.55,,114831
353.656425,40.236441,5.55,,116354
356.757990,57.451359,5.55,,117299
14.195655,60.362836,5.56,,4440
16.988160,20.739113,5.56,Psi-2 Psc,5310
17.856420,64.202677,5.56,,5566
44.921505,-2.464952,5.56,,13951
53.990280,-11.193782,5.56,,16780
56.235405,-0.296720,5.56,,17506
70.028355,-24.482368,5.56,,21743
82.063890,-37.230767,5.56,,25608
92.393850,-14.584619,5.56,,29205
95.659350,-69.984043,5.56,Pi-1 Dor,30321
105.988920,-43.608039,5.56,,34065
126.683085,12.654612,5.56,,41400
130.072815,-53.015398,5.56,,42535
135.336930,-41.864254,5.56,,44299
138.127200,-43.613262,5.56,,45189
140.462400,-42.194860,5.56,,45924
143.636040,-5.914948,5.56,,46982
145.926090,-53.891282,5.56,,47717
147.731625,-62.745116,5.56,,48310
174.585840,43.625429,5.56,,56770
178.043055,-56.987741,5.56,,57870
186.715380,-32.830121,5.56,,60735
205.233855,-85.786043,5.56,Kap Oct,66753
216.276390,-68.195333,5.56,,70492
230.655720,39.581463,5.56,,75257
256.575210,22.084153,5.56,,83692
265.618185,24.564058,5.56,,86667
273.911580,42.159345,5.56,,89482
283.879200,-16.376635,5.56,,92882
284.319120,2.535346,5.56,,93051
287.069595,-19.290289,5.56,,93996
298.629480,24.319388,5.56,,97961
337.156365,-67.489059,5.56,,110935
348.892740,-3.496380,5.56,,114822
349.849905,-5.124352,5.56,,115142
350.635530,60.133485,5.56,,115395
351.211800,32.384882,5.56,,115591
351.749850,87.307504,5.56,,115746
1.610550,64.196168,5.57,,531
2.260080,18.211963,5.57,,729
8.615610,-52.373090,5.57,,2711
9.335895,-24.767267,5.57,,2941
12.004440,-21.722492,5.57,,3741
17.455005,19.658408,5.57,Psi-3 Psc,5454
17.922435,65.018854,5.57,,5589
25.585320,68.043021,5.57,,7965
29.911770,-42.030532,5.57,,9313
33.560490,-67.841441,5.57,Pi-1 Hyi,10418
33.928260,25.043043,5.57,,10535
35.242485,50.151466,5.57,,10944
52.400115,-12.674737,5.57,,16263
72.303525,31.437375,5.57,,22393
98.400690,14.155163,5.57,,31277
117.277995,-56.410360,5.57,,38152
134.156115,64.603831,5.57,,43903
144.178545,31.161734,5.57,,47168
157.397415,-30.607065,5.57,Del Ant,51376
158.378805,34.988695,5.57,,51685
162.848910,59.320119,5.57,,53064
190.487985,6.806617,5.57,,61968
197.135280,-8.984385,5.57,,64122
204.894240,10.746269,5.57,,66640
215.582175,-34.786792,5.57,,70243
235.817415,-84.465273,5.57,Rho Oct,76996
235.997100,32.515807,5.57,Pi CrB,77048
236.347845,5.447315,5.57,,77163
242.327310,-57.934318,5.57,Iot-2 Nor,79153
250.335060,-48.762957,5.57,,81702
254.200155,-23.150346,5.57,,82925
262.838895,2.724507,5.57,,85749
272.495805,36.466284,5.57,,89008
291.579810,-21.776693,5.57,,95564
292.342305,14.596019,5.57,,95822
311.951385,6.008209,5.57,,102633
323.348010,-44.848700,5.57,,106429
326.633745,-11.365954,5.57,Lam Cap,107517
327.065445,-47.303615,5.57,,107649
330.736110,44.649863,5.57,,108845
348.316470,57.168355,5.57,,114622
359.285340,55.705705,5.57,,118077
0.404235,61.222801,5.58,,124
6.065220,52.019914,5.58,,1921
16.521450,-9.839354,5.58,,5164
24.715770,-21.275384,5.58,,7679
34.531410,19.901164,5.58,The Ari,10732
44.108940,18.023119,5.58,Rho-3 Ari,13702
52.218000,49.848384,5.58,,16210
64.990425,14.035201,5.58,,20219
67.535820,15.637840,5.58,,20995
72.730590,-53.461508,5.58,Iot Pic,22531
97.826160,-51.825953,5.58,,31079
108.713190,-27.037996,5.58,,35044
114.636900,35.048550,5.58,,37204
115.301730,48.131533,5.58,,37441
125.338425,-20.079058,5.58,,40944
126.615450,27.893583,5.58,Phi-1 Cnc,41377
146.626560,-44.755060,5.58,,47963
156.703860,-54.877302,5.58,,51140
157.370745,-29.663832,5.58,,51364
166.707990,-70.877930,5.58,,54327
171.401565,16.456539,5.58,,55765
178.763055,8.443943,5.58,,58110
188.392740,-12.830203,5.58,,61296
195.942120,-20.583497,5.58,,63738
217.157955,49.844851,5.58,,70791
268.347795,-34.895125,5.58,,87569
273.919335,-63.055366,5.58,,89487
276.255990,-30.756570,5.58,,90260
283.431495,36.971721,5.58,Del-1 Lyr,92728
283.864350,6.615290,5.58,,92872
288.833715,15.083651,5.58,,94624
304.619370,36.999803,5.58,,100108
305.522340,45.794994,5.58,,100437
320.268255,23.855966,5.58,,105411
332.306835,33.172337,5.58,Pi-1 Peg,109352
333.435120,-25.180905,5.58,,109737
349.176075,53.213476,5.58,,114924
350.206455,30.414921,5.58,,115271
1.171965,-71.436891,5.59,,377
7.921575,52.839526,5.59,,2497
12.356730,-13.561274,5.59,,3849
13.720005,83.707435,5.59,,4283
15.326100,-38.916527,5.59,Xi Scl,4770
30.750780,64.390018,5.59,,9573
43.986780,61.521138,5.59,,13665
55.890975,-10.485661,5.59,,17395
61.405920,-27.651807,5.59,,19095
69.190155,-62.077154,5.59,,21479
98.850915,-36.779879,5.59,,31457
104.649585,-25.414157,5.59,,33575
110.242860,-14.360489,5.59,,35615
113.298615,3.290379,5.59,Del-2 CMi,36723
119.444190,-60.303072,5.59,,38908
124.572480,-35.451703,5.59,,40678
132.902175,-57.633577,5.59,,43499
137.485050,-30.365401,5.59,Eps Pyx,45001
151.789575,-17.141733,5.59,,49569
153.881505,-43.112369,5.59,,50241
157.749330,-13.588470,5.59,,51491
179.416770,-62.448748,5.59,,58326
179.698605,-64.339560,5.59,,58427
180.414525,36.042086,5.59,,58654
196.646145,-41.588443,5.59,,63972
223.306455,-73.190071,5.59,,72833
226.357725,48.150972,5.59,,73841
229.734915,-40.788222,5.59,,74950
239.225490,-33.964281,5.59,Xi-2 Lup,78106
289.129305,4.834795,5.59,,94727
289.916640,-35.421452,5.59,,94986
290.158950,-22.402535,5.59,,95077
293.340105,-45.271748,5.59,,96178
305.024970,68.880317,5.59,,100261
309.269460,26.461947,5.59,,101716
310.795830,66.657447,5.59,,102253
314.625135,50.461791,5.59,,103530
321.331245,46.714341,5.59,,105769
357.990990,2.930384,5.59,,117683
359.866230,-29.485168,5.59,,118277
18.069015,79.673963,5.60,,5626
20.919180,37.714943,5.60,,6514
34.506000,1.757802,5.60,,10723
56.130930,36.460103,5.60,,17460
77.845290,-11.849089,5.60,,24169
81.257265,-10.328887,5.60,,25329
83.476185,14.305578,5.60,,26093
83.805165,10.240093,5.60,,26215
87.742125,27.967861,5.60,,27629
88.092885,14.171787,5.60,,27743
95.732685,-56.369969,5.60,Nu Pic,30342
98.096370,-5.868820,5.60,,31167
101.827950,-55.539988,5.60,,32531
111.783285,-17.864861,5.60,,36186
112.327785,-1.905329,5.60,,36388
115.799940,-36.050089,5.60,,37623
117.544065,-9.183441,5.60,,38253
120.197115,17.308703,5.60,,39177
126.613365,-3.987479,5.60,,41375
137.175750,-8.589524,5.60,,44883
141.350145,-5.117394,5.60,,46221
156.434460,-7.059829,5.60,,51046
183.038715,20.542064,5.60,,59501
200.079000,40.150548,5.60,,65072
203.530470,55.348434,5.60,,66198
251.343825,15.745289,5.60,,82028
258.830190,-33.548420,5.60,,84401
282.395820,-43.434102,5.60,Eta-2 CrA,92382
291.555195,20.097733,5.60,,95560
297.996120,47.027339,5.60,,97757
298.686660,0.273627,5.60,,97980
305.614575,-42.049548,5.60,Kap-1 Sgr,100469
311.955375,47.831869,5.60,,102635
317.162025,30.205637,5.60,,104371
330.270900,0.604715,5.60,,108691
337.283265,9.129034,5.60,,110986
344.098455,41.603876,5.60,,113281
347.087790,-28.823697,5.60,,114254
351.330930,-56.848985,5.60,,115620
351.818700,70.359782,5.60,,115770
39.891945,-11.871068,5.60,,
146.049045,-27.769033,5.60,,
5.442795,-20.058024,5.61,,1728
30.918705,-4.103516,5.61,,9622
48.835155,30.556689,5.61,,15154
59.875545,-12.574425,5.61,,18647
67.278855,-13.048370,5.61,,20922
75.971955,-24.388151,5.61,,23554
95.982990,-25.577629,5.61,,30436
100.012110,-80.813593,5.61,Zet Men,31897
117.397530,-33.288950,5.61,,38200
126.145890,-3.751240,5.61,,41211
127.619220,-32.159285,5.61,,41723
140.458635,-55.514686,5.61,,45920
145.501470,39.757851,5.61,,47570
156.313305,8.784845,5.61,,51008
162.487590,-34.058183,5.61,,52965
194.002020,38.314912,5.61,Alp-1 CVn,63121
204.952320,-40.051708,5.61,,66656
207.161400,31.190206,5.61,,67384
213.677865,-41.837495,5.61,,69598
221.843985,-25.624267,5.61,,72323
236.684250,-34.682454,5.61,,77286
239.740455,36.643773,5.61,,78276
243.957510,-57.912350,5.61,,79689
247.946790,45.598281,5.61,,80953
263.374350,-5.744803,5.61,,85922
266.783520,17.697014,5.61,,87044
275.237370,29.858925,5.61,,89925
330.272280,13.119823,5.61,,108693
342.844020,61.696740,5.61,,112864
14.682780,-11.379975,5.62,Phi-4 Cet,4587
23.657400,-15.676359,5.62,,7345
45.593820,4.352884,5.62,,14143
49.593435,-0.930288,5.62,,15383
53.082300,84.911040,5.62,,16489
59.216970,22.477971,5.62,,18471
61.094655,-12.792295,5.62,,19011
85.610205,65.697649,5.62,,26882
88.138245,-37.631063,5.62,,27766
88.681785,-11.774192,5.62,,27938
93.892770,-0.512189,5.62,,29716
96.004215,-36.707764,5.62,,30444
98.647215,-32.716255,5.62,,31362
101.379960,-30.948980,5.62,,32385
116.142375,-24.674079,5.62,,37751
117.929280,-21.173662,5.62,,38375
118.722300,-57.302806,5.62,,38656
123.286950,29.656536,5.62,,40240
130.801365,12.680876,5.62,,42795
144.291195,-32.178646,5.62,,47199
147.832215,-46.193871,5.62,,48348
177.759300,-5.333332,5.62,,57791
224.133585,-47.879198,5.62,,73111
228.954495,0.372139,5.62,,74689
242.950230,36.425094,5.62,,79358
250.417605,-49.651552,5.62,,81733
268.961715,22.464221,5.62,,87777
278.876655,23.605530,5.62,,91139
284.107215,65.258084,5.62,,92969
301.150725,32.218598,5.62,,98863
327.500535,-64.712537,5.62,,107773
331.462440,-59.636072,5.62,Kap-2 Ind,109081
335.783025,-45.928488,5.62,Pi-2 Gru,110506
346.723410,-38.892293,5.62,Ups Gru,114132
25.165110,43.297687,5.63,,7825
25.514520,35.245707,5.63,,7943
26.935020,63.852501,5.63,,8362
49.895445,-24.122902,5.63,,15479
91.243170,4.158671,5.63,,28814
106.021860,-5.323979,5.63,,34086
112.719570,68.465621,5.63,,36528
124.460070,59.571133,5.63,,40646
125.002290,-71.505377,5.63,Kap-2 Vol,40834
129.798855,65.020907,5.63,Pi-1 UMa,42438
131.187660,10.081670,5.63,,42917
160.679955,-32.715673,5.63,,52407
173.770425,54.785419,5.63,,56510
187.572690,-23.696419,5.63,,61015
196.726035,-35.862033,5.63,,64003
204.301200,-61.691856,5.63,,66438
205.259790,22.495768,5.63,,66763
222.582210,82.511944,5.63,,72573
224.095860,49.628449,5.63,,73100
238.875345,-26.265993,5.63,,77984
241.906410,9.891743,5.63,,79007
248.148690,5.521220,5.63,,81007
256.384410,-0.892070,5.63,,83635
262.730715,31.158139,5.63,,85715
277.112970,-38.995671,5.63,,90541
277.549425,-18.728794,5.63,,90687
285.615330,-24.846826,5.63,,93498
286.241115,31.744072,5.63,,93718
298.328070,-3.114464,5.63,,97871
306.892755,38.440332,5.63,,100907
316.144380,5.502862,5.63,,104031
320.752050,-22.669048,5.63,,105576
326.808180,2.686124,5.63,,107575
351.812355,-58.476110,5.63,,115769
353.659185,33.497328,5.63,,116355
256.330710,54.469093,5.63,Alrakis,
11.412930,74.988073,5.64,,3572
16.272315,14.946133,5.64,,5081
30.913905,25.935471,5.64,,9621
32.837835,8.569805,5.64,,10212
39.157965,12.447639,5.64,,12153
46.598685,13.187250,5.64,,14439
64.596660,21.579297,5.64,,20087
65.854410,16.777260,5.64,,20484
72.788910,48.740685,5.64,,22545
80.094225,62.653711,5.64,,24914
81.118710,-16.975781,5.64,,25280
105.274770,-25.215634,5.64,,33804
109.064475,-46.774533,5.64,,35181
113.331510,-19.412525,5.64,,36732
115.700640,-26.351326,5.64,,37590
135.491610,-0.482673,5.64,,44356
145.888590,29.974473,5.64,,47701
152.732760,-8.418462,5.64,,49865
173.200395,-40.436194,5.64,,56319
173.805450,-47.372580,5.64,,56518
174.316110,-75.896544,5.64,Pi Cha,56675
196.467795,45.268550,5.64,,63916
198.630345,11.331656,5.64,,64607
224.903970,39.265333,5.64,,73369
232.064205,-16.716484,5.64,Zet-1 Lib,75730
235.088970,-73.446685,5.64,Kap-2 Aps,76750
251.177475,-40.839675,5.64,,81972
255.026175,-54.597179,5.64,,83187
276.411660,8.032006,5.64,,90313
283.555200,27.909528,5.64,,92768
294.006885,-24.719081,5.64,,96406
295.180500,-0.621233,5.64,,96807
305.971590,-42.422868,5.64,Kap-2 Sgr,100591
317.950995,59.986610,5.64,,104642
321.595200,-37.829429,5.64,,105854
337.507545,32.572638,5.64,,111068
349.239885,-62.001198,5.64,,114948
33.198090,-2.393637,5.65,,10305
39.424170,-3.396175,5.65,,12247
57.518460,44.967856,5.65,,17932
74.755695,-16.376027,5.65,,23166
84.287400,-80.469122,5.65,Pi Men,26394
90.204915,-51.216319,5.65,,28484
91.084440,-32.172430,5.65,,28756
103.328400,-19.032763,5.65,,33077
111.747840,-23.086023,5.65,,36168
120.307875,4.879824,5.65,,39213
146.598375,1.785586,5.65,,47960
163.574070,-13.758036,5.65,,53316
191.593920,9.539684,5.65,,62325
192.109455,-27.597384,5.65,,62500
201.459855,-70.627248,5.65,,65522
202.304175,10.818310,5.65,,65790
224.663580,-27.657314,5.65,,73284
225.461310,-83.227646,5.65,Pi-1 Oct,73540
226.195665,-83.038311,5.65,Pi-2 Oct,73771
230.021445,51.958515,5.65,,75043
230.452605,-48.317628,5.65,Nu-2 Lup,75181
230.793975,-60.657176,5.65,,75308
234.413250,69.283344,5.65,,76519
261.422325,60.048398,5.65,,85290
263.345100,19.256677,5.65,,85912
277.437345,77.547068,5.65,,90647
288.822330,21.232118,5.65,,94620
289.111620,14.544616,5.65,,94720
300.084315,-33.703452,5.65,,98470
303.579255,-52.445770,5.65,,99747
330.288480,8.257164,5.65,,108699
350.314575,-26.986769,5.65,,115312
4.036890,-31.446394,5.66,,1288
11.109180,47.863984,5.66,,3478
24.365835,-84.769593,5.66,,7568
32.169090,58.423601,5.66,,9990
56.290575,24.839260,5.66,,17527
56.496900,45.681899,5.66,,17584
58.000950,6.534907,5.66,,18089
70.350480,48.300881,5.66,,21823
70.788735,-30.765557,5.66,,21958
80.302860,29.569884,5.66,,25001
101.662575,-10.107360,5.66,,32474
114.016230,-14.492771,5.66,,36981
114.131835,46.180288,5.66,,37023
122.289615,-48.684413,5.66,,39919
122.368890,-16.248922,5.66,,39943
122.390130,-56.085384,5.66,,39957
129.592560,53.401539,5.66,,42372
142.302675,-20.749127,5.66,,46511
154.771245,-64.676258,5.66,,50520
155.069655,-47.699090,5.66,,50609
162.796005,56.582250,5.66,,53043
182.963250,25.870280,5.66,,59468
185.839950,-24.840669,5.66,,60425
208.800630,-52.160822,5.66,,67973
247.445505,-14.550879,5.66,,80793
258.067530,-39.506949,5.66,,84150
262.956585,28.407499,5.66,,85790
291.735330,-29.743225,5.66,,95619
294.263925,-18.231052,5.66,,96496
308.098725,-9.853384,5.66,,101345
312.867660,28.250505,5.66,,102949
324.633075,5.771742,5.66,,106856
325.542135,1.285253,5.66,,107144
339.714435,-33.081347,5.66,,111809
345.024105,-25.164180,5.66,,113562
352.253970,-63.110656,5.66,,115908
354.414825,-13.060243,5.66,,116591
2.014545,-33.529326,5.67,,655
7.608630,-48.214910,5.67,,2383
17.578200,42.081475,5.67,,5493
33.869100,-67.746366,5.67,Pi-2 Hyi,10513
46.883115,-78.989244,5.67,,14521
53.144880,-50.378646,5.67,,16509
60.442230,9.998017,5.67,,18805
64.496640,-80.214033,5.67,Del Men,20049
68.534445,5.568616,5.67,,21295
77.678775,46.962070,5.67,,24109
83.381790,18.540231,5.67,,26064
83.754195,-6.009270,5.67,,26197
91.242435,5.419970,5.67,,28812
95.017605,14.651127,5.67,,30099
126.084555,-80.914202,5.67,,41191
126.229920,-23.153745,5.67,,41242
130.146915,-45.191103,5.67,,42564
133.144260,32.474157,5.67,Sig-1 Cnc,43584
146.597205,11.810043,5.67,,47959
158.758995,8.650425,5.67,,51802
166.130145,-47.679103,5.67,,54137
220.255815,-36.134858,5.67,,71783
227.099085,26.301152,5.67,,74087
243.066840,-28.417305,5.67,,79399
245.946555,61.696461,5.67,,80309
247.063215,-58.599795,5.67,,80675
272.475060,3.119827,5.67,,89000
278.346390,-38.725985,5.67,Kap-1 CrA,90968
284.187765,57.814851,5.67,,92997
294.322470,16.462802,5.67,Eps Sge,96516
301.096470,-0.709309,5.67,,98844
312.910215,-62.429335,5.67,,102962
317.340780,-73.172968,5.67,,104440
321.141675,26.174560,5.67,,105703
1.174560,67.166445,5.68,,379
32.656635,19.500338,5.68,,10155
52.495500,-78.351850,5.68,,16290
55.578945,19.700254,5.68,,17309
73.198995,42.586626,5.68,,22699
80.382675,-0.416491,5.68,,25028
102.606240,13.413177,5.68,,32814
102.999960,23.601718,5.68,,32968
107.176470,-70.497087,5.68,Gam-1 Vol,34473
114.575865,-48.601436,5.68,,37174
128.020680,-53.211920,5.68,,41861
134.396655,15.581281,5.68,Omi-2 Cnc,44001
144.250875,-25.296759,5.68,,47187
150.703965,21.949258,5.68,,49220
177.613665,-62.649381,5.68,,57741
186.896310,55.712724,5.68,,60795
187.430160,20.896109,5.68,,60957
189.593355,1.854662,5.68,,61658
206.648595,54.432679,5.68,,67231
221.375850,0.717271,5.68,,72154
222.328110,-24.251470,5.68,,72488
222.422145,48.720804,5.68,,72524
229.602105,20.572778,5.68,,74896
259.702185,28.822968,5.68,,84691
263.414115,16.317553,5.68,,85930
267.618300,-53.612406,5.68,,87314
280.964985,31.926613,5.68,,91883
283.500375,-21.359845,5.68,,92747
297.655530,40.599759,5.68,,97634
299.793915,23.101281,5.68,,98375
306.418875,21.409642,5.68,,100754
309.748005,30.334265,5.68,,101899
310.485420,41.716875,5.68,,102155
313.957515,47.417656,5.68,,103312
320.501700,49.388848,5.68,,105497
341.928195,-14.056428,5.68,Tau-1 Aqr,112542
345.281445,-50.950028,5.68,,113657
346.938900,49.295776,5.68,,114210
347.433915,59.332692,5.68,,114365
347.677650,17.594372,5.68,,114449
354.097020,2.102222,5.68,,116495
8.099085,6.955463,5.69,,2548
15.014820,44.713243,5.69,,4675
23.357130,58.327334,5.69,,7251
24.035415,-29.907317,5.69,Tau Scl,7463
29.038905,37.251830,5.69,,9021
44.900715,-25.274133,5.69,Zet For,13942
64.223130,61.849989,5.69,,19968
80.926290,-0.159818,5.69,,25223
81.784470,30.208603,5.69,,25492
97.992960,-58.753835,5.69,Mu Pic,31137
105.339180,70.808296,5.69,,33827
107.429265,-25.231034,5.69,,34579
114.170970,-19.702338,5.69,,37036
114.183000,-48.830167,5.69,,37043
118.078665,-14.846175,5.69,,38427
166.489860,-27.287853,5.69,Chi-2 Hya,54255
184.031445,40.660180,5.69,,59831
200.423505,2.087243,5.69,,65198
201.733830,-41.497562,5.69,,65593
203.149605,-28.692768,5.69,,66065
211.333545,-76.796752,5.69,The Aps,68815
242.116980,8.534310,5.69,,79072
255.242235,22.632095,5.69,,83254
260.439000,53.420428,5.69,,84950
261.004485,-62.864153,5.69,,85147
263.677050,-32.581662,5.69,,86011
267.103200,20.565441,5.69,,87158
269.984190,45.501378,5.69,,88122
277.483065,-47.220546,5.69,,90662
281.680515,-10.125048,5.69,,92136
284.025510,18.105410,5.69,,92937
285.322320,26.291411,5.69,,93393
300.494160,-13.637217,5.69,,98633
305.298000,63.980122,5.69,,100357
309.683280,13.315125,5.69,The Del,101882
315.115365,19.329581,5.69,,103675
316.504755,-30.125120,5.69,Del Mic,104148
325.856865,38.283589,5.69,,107253
328.405755,19.668437,5.69,,108060
331.394460,28.963981,5.69,,109056
0.623760,8.485463,5.70,,194
1.579155,-49.075191,5.70,,522
11.930085,-18.061339,5.70,,3717
18.704880,-0.973795,5.70,,5833
25.449825,-60.789339,5.70,,7921
25.512495,-36.832305,5.70,,7941
28.039020,50.792794,5.70,,8714
29.639595,49.204352,5.70,,9222
50.278350,3.675620,5.70,Kap-2 Cet,15619
58.596525,-40.357009,5.70,,18262
62.699025,-8.819814,5.70,,19511
89.721825,12.808264,5.70,,28302
92.241270,2.499692,5.70,,29151
94.317240,5.100112,5.70,,29860
99.664755,39.390854,5.70,,31771
99.927750,-30.470491,5.70,,31870
109.867410,-16.395244,5.70,,35487
112.214520,48.183930,5.70,,36348
118.123935,-54.367165,5.70,,38438
131.510310,-2.048655,5.70,,43026
133.799040,-54.965768,5.70,,43797
151.087290,-24.285534,5.70,,49339
152.943600,-58.060544,5.70,,49934
164.807250,-33.737595,5.70,,53699
167.204535,24.658464,5.70,,54487
189.243060,17.089536,5.70,,61571
192.741195,-52.787424,5.70,,62703
196.909575,-53.459764,5.70,,64053
203.880405,-5.396191,5.70,,66320
208.462605,53.728677,5.70,,67848
220.806465,-24.997753,5.70,,71974
227.990445,-48.743687,5.70,Kap-2 Lup,74380
241.482765,-72.400898,5.70,,78868
261.027450,22.960285,5.70,,85157
291.950490,-54.325272,5.70,,95690
292.349265,-43.445195,5.70,,95823
298.656885,-8.227289,5.70,,97966
302.895105,62.078542,5.70,,99500
303.849060,33.729084,5.70,,99841
314.197185,-26.296378,5.70,,103389
320.995080,24.274135,5.70,,105652
323.712720,-20.084274,5.70,,106559
328.004310,55.796743,5.70,,107930
338.067765,76.226441,5.70,,111242
357.638685,-14.401490,5.70,,117567
76.863405,18.647141,5.70,,
0.269115,-48.809876,5.71,Tau Phe,88
3.378600,41.035370,5.71,,1086
16.942530,-9.785550,5.71,,5296
48.138135,-57.321549,5.71,,14930
51.889215,-35.681323,5.71,Chi-2 For,16112
62.834505,5.523047,5.71,,19554
68.478030,-6.738908,5.71,,21278
73.778430,-16.740670,5.71,,22860
73.827705,-16.417767,5.71,,22881
76.317480,-26.152391,5.71,,23668
84.148725,-6.064752,5.71,,26345
90.244005,47.901923,5.71,,28499
92.449830,-22.774343,5.71,,29234
99.095205,-18.659904,5.71,Nu-1 CMa,31564
108.635925,12.115824,5.71,,35005
125.477535,-17.586334,5.71,,40990
127.877175,24.081105,5.71,Ups-1 Cnc,41816
131.828520,-46.155415,5.71,,43148
148.713510,-50.243959,5.71,,48613
151.151385,53.891716,5.71,,49363
159.134910,-12.230121,5.71,,51933
167.329530,36.309379,5.71,,54522
174.145590,-33.570057,5.71,,56620
184.377405,28.937189,5.71,,59923
186.340590,-35.186417,5.71,,60610
192.225885,14.122584,5.71,,62541
192.824910,-60.329789,5.71,,62732
208.303875,17.932868,5.71,,67787
225.453825,-0.140295,5.71,,73536
231.887895,-64.531504,5.71,,75665
236.822160,14.115348,5.71,Ups Ser,77336
272.391225,3.993276,5.71,,88964
275.800680,-12.014755,5.71,,90096
276.994890,6.194104,5.71,,90497
277.984260,-43.507383,5.71,,90842
282.158070,-65.077679,5.71,The Pav,92294
291.546000,-15.053251,5.71,,95557
293.582415,51.236620,5.71,,96258
299.005260,16.634799,5.71,,98085
304.902945,62.257472,5.71,,100221
321.304275,-9.748552,5.71,,105761
328.543215,-4.276180,5.71,,108102
6.276675,53.046786,5.72,,1982
7.509825,-3.957332,5.72,,2353
10.443150,-56.501315,5.72,Xi Phe,3277
33.263760,15.279860,5.72,,10328
38.911425,37.312263,5.72,,12072
40.308330,-0.695653,5.72,,12530
49.671435,-18.559794,5.72,,15411
52.086240,33.807557,5.72,,16168
56.316150,-47.359476,5.72,,17534
64.283700,57.860355,5.72,,19983
65.514645,14.077198,5.72,,20400
67.003245,21.619907,5.72,,20842
71.267340,-21.283383,5.72,,22086
86.804805,14.488322,5.72,,27316
91.539045,-66.039621,5.72,Eta-1 Dor,28909
92.644500,-27.154343,5.72,,29294
99.307650,-36.990651,5.72,,31637
102.422145,32.606756,5.72,,32740
108.691755,-46.849672,5.72,,35029
128.867490,-7.982292,5.72,,42146
133.344015,61.962268,5.72,,43644
134.208270,45.631646,5.72,,43923
137.994750,-19.747628,5.72,,45158
142.121565,8.188298,5.72,,46457
145.562055,69.237537,5.72,,47594
147.674775,-46.933923,5.72,,48287
148.573575,-45.283516,5.72,,48561
182.514240,5.807008,5.72,,59309
183.785490,70.200008,5.72,,59746
204.246180,24.613297,5.72,,66417
214.161345,-66.587894,5.72,,69763
220.935150,40.459254,5.72,,72012
224.298660,16.388128,5.72,,73166
224.366475,-21.415475,5.72,,73184
230.660115,63.341439,5.72,,75260
230.967660,-12.369501,5.72,,75352
241.817520,-36.755676,5.72,,78970
243.869325,18.808087,5.72,,79666
261.990030,-52.297168,5.72,,85470
263.280300,41.243449,5.72,,85888
270.476580,-22.780298,5.72,,88298
271.456710,32.230674,5.72,,88636
291.339975,-13.897130,5.72,,95485
333.684840,42.953910,5.72,,109831
338.419215,56.624737,5.72,,111362
340.219485,14.549161,5.72,,111974
343.795665,-4.987899,5.72,,113184
344.199195,-47.969221,5.72,Tau-3 Gru,113307
359.387385,-82.169804,5.72,Gam-2 Oct,118114
13.407585,-62.871352,5.73,,4200
41.364435,-63.704553,5.73,Gam Hor,12871
66.121470,34.130758,5.73,,20579
70.332330,28.614994,5.73,,21819
80.850090,-39.678423,5.73,,25194
85.840290,-18.557475,5.73,,26966
98.162400,-32.030447,5.73,,31190
105.065940,16.078998,5.73,,33715
114.932565,-38.139287,5.73,,37322
122.613270,25.507334,5.73,Psi Cnc,40023
124.821555,62.507159,5.73,,40772
137.267550,-18.328548,5.73,,44923
144.260760,16.437952,5.73,,47189
155.544105,41.229530,5.73,,50786
163.742445,34.034798,5.73,,53377
171.488100,55.850459,5.73,,55797
175.392900,31.746058,5.73,,57029
177.423870,34.931758,5.73,,57670
185.550135,-68.307316,5.73,Zet-1 Mus,60329
204.201900,-26.495198,5.73,,66400
205.168635,19.955719,5.73,,66727
207.947610,-69.401258,5.73,,67664
238.877490,42.566193,5.73,,77986
240.880770,76.793939,5.73,,78661
252.662325,29.806538,5.73,,82422
256.103010,-57.712166,5.73,,83535
265.839885,24.327821,5.73,,86731
281.200830,37.594615,5.73,Zet-2 Lyr,91973
285.823725,-38.253147,5.73,,93552
291.858180,52.320436,5.73,Iot-1 Cyg,95656
300.875070,16.031255,5.73,,98754
300.905595,29.896805,5.73,,98767
303.822090,-27.032977,5.73,,99825
306.759360,49.383367,5.73,,100859
318.941070,-53.263084,5.73,,104978
324.045690,-26.171516,5.73,,106654
325.595640,41.077019,5.73,,107162
338.967855,39.634331,5.73,,111546
343.935435,36.351390,5.73,,113222
356.050140,-64.404451,5.73,,117088
4.237695,61.533185,5.74,,1354
12.095730,5.280615,5.74,96 G. Psc,3765
38.677605,-7.859445,5.74,,12002
39.038610,-30.044978,5.74,Iot-1 For,12122
40.591410,20.011465,5.74,Mu Ari,12640
47.403090,29.077080,5.74,,14677
52.003950,-11.286600,5.74,,16142
55.678065,59.969391,5.74,,17342
66.941820,-62.521206,5.74,,20825
75.687420,-22.795052,5.74,,23474
84.146760,54.428658,5.74,,26344
91.739640,-21.812299,5.74,,28984
97.163520,-32.371279,5.74,,30840
102.597285,-31.706057,5.74,,32810
103.827795,25.375697,5.74,,33277
106.956210,7.471214,5.74,,34387
110.322960,45.228200,5.74,,35643
119.077710,-60.526436,5.74,,38783
126.398070,2.102209,5.74,,41299
131.216370,-37.147249,5.74,,42923
136.001670,54.283887,5.74,,44504
140.599965,-46.047445,5.74,,45962
143.085045,-19.400303,5.74,,46813
154.508745,65.108351,5.74,,50448
160.451205,68.443499,5.74,,52338
160.963350,-64.249042,5.74,,52487
168.378285,-59.619318,5.74,,54829
172.424355,15.413269,5.74,,56080
188.150010,-13.859105,5.74,,61212
201.738075,78.643869,5.74,,65595
204.999330,-49.949956,5.74,,66666
208.704690,-67.652100,5.74,,67942
218.128890,55.398010,5.74,,71111
218.665140,49.368354,5.74,,71280
219.183900,-40.211580,5.74,,71453
219.552555,43.642130,5.74,,71568
221.620860,-47.441116,5.74,,72250
229.152885,-60.903996,5.74,,74750
232.732710,64.208693,5.74,,75974
237.778365,-55.055533,5.74,,77645
239.742315,-65.037585,5.74,,78279
242.908485,23.494801,5.74,,79349
250.427010,1.181231,5.74,,81734
251.588445,-58.503595,5.74,,82110
255.039615,-24.989070,5.74,,83196
259.904415,80.136399,5.74,,84769
264.539595,-10.926268,5.74,,86313
269.732025,-36.858376,5.74,,88038
270.037890,80.004095,5.74,,88136
271.563315,-4.751252,5.74,,88684
277.486290,-57.523143,5.74,,90664
278.412585,-14.853614,5.74,,90991
279.389610,62.526591,5.74,,91315
299.671740,-69.163957,5.74,,98332
324.740085,57.489037,5.74,,106886
328.721490,56.611227,5.74,,108165
331.869120,19.475526,5.74,,109209
356.169645,-78.791442,5.74,,117125
356.816310,-11.911126,5.74,,117314
23.428485,-7.025341,5.75,,7276
25.436805,-11.324669,5.75,,7916
34.499400,57.899820,5.75,,10718
45.291765,-7.663012,5.75,Rho-1 Eri,14060
62.745915,33.586792,5.75,,19525
74.029485,52.869761,5.75,,22936
78.620190,-35.976996,5.75,,24426
83.280735,-35.139376,5.75,,26019
92.433270,23.113466,5.75,,29225
97.142040,30.493034,5.75,,30827
100.120185,77.995782,5.75,,31940
102.079440,-1.318922,5.75,,32617
102.318375,-2.272038,5.75,,32698
103.206120,8.380373,5.75,,33024
106.844115,-23.840722,5.75,,34360
107.846115,26.856587,5.75,,34722
108.988200,27.897419,5.75,,35152
112.342110,-10.326664,5.75,,36396
126.997590,-35.113761,5.75,,41515
133.801785,-18.241189,5.75,,43798
142.692060,-31.889222,5.75,Zet-1 Ant,46657
149.900925,29.645233,5.75,,48982
168.414165,-53.231813,5.75,,54840
182.224215,-44.325989,5.75,,59229
193.341240,-60.328489,5.75,,62894
193.735530,47.196722,5.75,,63024
201.277830,23.854419,5.75,,65466
227.050545,-40.583930,5.75,,74066
227.577645,-26.332621,5.75,,74239
228.579870,-70.079476,5.75,,74582
241.901730,-12.745410,5.75,,79005
246.105555,55.205096,5.75,,80375
261.131400,16.301006,5.75,,85185
265.996545,53.801715,5.75,Alruba,86782
297.175245,11.815896,5.75,Pi Aql,97473
300.096270,-66.949360,5.75,Mu-1 Pav,98478
310.348530,-31.598289,5.75,,102092
310.646325,82.531158,5.75,,102208
317.136255,-63.928260,5.75,,104364
317.564850,53.563100,5.75,,104516
319.869780,49.510294,5.75,,105282
322.034325,32.225330,5.75,,106003
331.297215,26.673689,5.75,,109023
334.277085,-5.387164,5.75,,110023
334.552575,62.804388,5.75,,110103
351.055215,-51.891174,5.75,,115537
351.780750,42.912010,5.75,,115755
24.947535,-56.196400,5.76,p Eridani,7751
28.962660,23.577322,5.76,,8993
40.761765,55.106019,5.76,,12692
43.952070,18.331640,5.76,Rho-2 Ari,13654
52.479840,-42.634256,5.76,,16285
53.149785,9.373438,5.76,,16511
56.476980,24.554511,5.76,Asterope,17579
58.411215,48.650495,5.76,,18212
65.171850,6.130798,5.76,,20268
68.156475,-3.209541,5.76,,21192
72.135555,-16.329484,5.76,,22325
83.814465,-33.079724,5.76,,26219
93.005580,19.790543,5.76,,29433
94.920645,-34.396591,5.76,,30069
96.431895,-48.176898,5.76,,30591
97.155915,-17.466009,5.76,,30836
99.595875,28.984354,5.76,,31737
114.949485,-38.260652,5.76,,37329
118.199415,-5.428257,5.76,,38474
128.682870,36.419619,5.76,,42090
137.297970,-12.357706,5.76,,44936
157.989330,-45.066710,5.76,,51561
173.591460,3.060165,5.76,,56445
188.676720,-44.673018,5.76,,61379
192.322740,27.552379,5.76,,62576
198.137175,11.556096,5.76,,64445
200.240505,-46.880008,5.76,,65144
201.138450,-5.164010,5.76,,65420
209.662185,21.696219,5.76,,68276
221.989830,-26.646155,5.76,,72378
222.327795,46.116205,5.76,Merga,72487
227.374650,-67.084133,5.76,,74184
234.567495,46.797751,5.76,,76568
239.024730,-60.482477,5.76,,78045
245.105175,-55.139706,5.76,,80054
247.805970,22.195458,5.76,,80898
255.577890,25.505620,5.76,,83367
259.699305,-44.129746,5.76,,84690
260.779650,-56.525547,5.76,,85068
261.078315,-60.673799,5.76,,85169
264.379560,24.309991,5.76,,86254
269.174325,-28.065394,5.76,,87836
275.345775,-18.859999,5.76,,89968
277.768545,16.928556,5.76,,90762
279.399840,-0.309472,5.76,,91322
280.905525,-64.551425,5.76,,91854
291.600555,13.023801,5.76,,95572
293.224200,-53.185618,5.76,,96141
298.157145,-54.971026,5.76,,97816
298.534485,-8.574211,5.76,,97928
304.603140,55.397095,5.76,,100097
308.323410,-80.964862,5.76,,101427
315.089640,-51.265312,5.76,,103673
321.103395,-41.006695,5.76,The-2 Mic,105696
333.093525,63.291035,5.76,,109620
336.112755,-13.529369,5.76,,110602
336.655770,4.393766,5.76,,110785
337.907520,-85.967253,5.76,Ups Oct,111196
344.799225,11.728844,5.76,,113503
358.210530,-8.996756,5.76,,117756
3.727140,-9.569571,5.77,,1191
6.350865,1.939692,5.77,,2006
17.139405,58.263449,5.77,,5361
66.156060,33.959686,5.77,,20591
72.151605,-5.674045,5.77,,22336
82.006710,17.239130,5.77,,25583
82.478220,1.789260,5.77,,25751
102.590700,-17.084555,5.77,,32809
108.279975,-11.251341,5.77,,34888
111.139380,27.637857,5.77,,35941
115.061250,38.344539,5.77,,37369
119.710650,-60.824462,5.77,,38994
122.999865,-46.644351,5.77,,40155
123.555255,-35.490019,5.77,,40344
141.363795,-61.950476,5.77,,46225
143.722620,72.205679,5.77,,47013
153.201525,4.614680,5.77,,50027
160.837170,4.747669,5.77,,52452
168.311190,-44.372216,5.77,,54811
172.410915,-24.464011,5.77,,56078
183.354345,-38.929188,5.77,,59607
198.883230,40.855199,5.77,,64692
207.946755,-46.898666,5.77,,67663
210.000555,-25.010403,5.77,,68390
226.858110,-49.088612,5.77,,74006
233.987730,54.630567,5.77,,76376
249.089370,-2.324584,5.77,,81300
250.161195,4.219789,5.77,,81641
260.990070,8.852571,5.77,,85139
268.309110,6.101424,5.77,,87558
277.857060,-10.795836,5.77,,90804
316.626015,31.184657,5.77,,104185
323.235780,49.977629,5.77,,106393
324.754935,20.265451,5.77,,106897
348.744165,-41.105397,5.77,,114775
350.221845,38.182326,5.77,,115280
357.364485,1.076131,5.77,,117491
357.838530,9.313351,5.77,,117628
1.082475,-16.529036,5.78,,343
3.331485,-84.993978,5.78,,1074
9.113925,60.326215,5.78,,2876
25.832265,60.551332,5.78,,8046
27.173250,32.690210,5.78,,8433
28.217130,-16.929250,5.78,,8778
39.244215,-34.577977,5.78,Lam-2 For,12186
41.137395,15.311862,5.78,Omi Ari,12803
48.059355,27.256968,5.78,,14893
51.123735,33.535962,5.78,,15876
57.973830,34.359119,5.78,,18081
65.241825,-81.579920,5.78,Nu Men,20297
68.007675,53.910830,5.78,,21148
69.539340,16.033291,5.78,,21588
71.022165,-8.503571,5.78,,22024
80.431500,8.428556,5.78,,25041
81.499275,-19.695399,5.78,,25397
86.717235,9.522343,5.78,,27280
92.902440,48.710989,5.78,,29388
93.083850,32.693380,5.78,,29451
96.057750,-60.281325,5.78,,30463
98.815950,0.890216,5.78,,31446
102.707640,-0.540882,5.78,,32851
105.572895,15.336008,5.78,,33914
106.412610,9.185800,5.78,,34215
108.914295,7.977742,5.78,,35120
112.270485,-31.456216,5.78,,36362
113.644995,-27.012275,5.78,,36848
114.682920,-36.496830,5.78,,37223
117.303855,-60.283688,5.78,,38160
117.420810,-66.195974,5.78,,38210
120.336510,59.047398,5.78,,39221
133.452765,-60.353909,5.78,,43669
137.889105,-46.583911,5.78,,45122
153.366720,-51.755788,5.78,,50078
181.311765,76.905734,5.78,Tonatiuh,58952
187.475820,-56.524940,5.78,,60969
189.004335,-39.869505,5.78,,61498
197.787075,-42.232891,5.78,,64332
221.524785,15.131788,5.78,,72208
223.595310,-11.898348,5.78,Xi-1 Lib,72934
237.529560,-53.209770,5.78,,77562
238.884975,-60.177647,5.78,,77990
239.338860,-36.185344,5.78,,78142
243.344760,-55.540947,5.78,Zet Nor,79497
253.743765,-41.150858,5.78,,82775
262.695840,86.968047,5.78,,85699
265.317660,-46.921830,5.78,,86552
267.897795,-60.164056,5.78,,87393
279.627975,-23.504893,5.78,,91405
286.659975,24.250793,5.78,,93845
308.478510,46.693866,5.78,,101475
313.699245,-17.922894,5.78,,103226
321.811755,-21.196210,5.78,,105928
327.892695,19.826682,5.78,,107887
332.655975,11.624539,5.78,,109471
336.293595,-70.431622,5.78,,110668
358.694265,0.109309,5.78,,117887
5.189670,32.911186,5.79,,1657
22.930200,-30.283081,5.79,,7118
33.941835,25.782937,5.79,,10540
39.020355,6.886870,5.79,268 G. Cet,12114
40.051755,-9.452875,5.79,,12444
48.949875,57.140620,5.79,,15192
53.395965,39.899478,5.79,,16591
56.503605,67.201605,5.79,,17585
68.391795,-62.823677,5.79,,21253
73.958970,15.040278,5.79,,22913
74.452695,23.948562,5.79,,23068
74.539125,25.050405,5.79,,23088
83.686590,-73.741277,5.79,,26169
87.511185,9.871218,5.79,,27549
91.523070,-29.758624,5.79,,28899
94.745730,-20.925611,5.79,,30011
100.272675,0.495323,5.79,,31992
111.284655,-13.751978,5.79,,35998
111.355290,-25.217767,5.79,,36024
111.965250,-11.556867,5.79,,36251
115.466025,13.480453,5.79,,37508
128.966805,-50.969651,5.79,,42177
131.480085,-79.504373,5.79,,43012
133.200075,-38.724086,5.79,,43603
139.888050,-15.834663,5.79,,45743
140.430390,56.699219,5.79,,45915
147.800205,-59.425774,5.79,,48339
157.526880,38.925132,5.79,,51420
160.930530,57.199203,5.79,,52478
167.472465,-32.367529,5.79,,54561
168.507645,8.060695,5.79,,54863
185.936475,-38.911381,5.79,,60463
194.914650,-3.811926,5.79,,63414
197.301810,10.022468,5.79,,64179
205.044840,-64.576553,5.79,,66681
234.450165,-23.141698,5.79,,76532
240.830685,36.631787,5.79,,78649
247.060275,-37.179881,5.79,,80672
254.891565,-69.268164,5.79,,83150
271.956255,26.097340,5.79,,88817
278.802510,18.203410,5.79,,91118
288.306945,-25.906786,5.79,,94434
292.254120,1.950448,5.79,,95793
298.701045,36.995676,5.79,,97985
310.135500,-16.124180,5.79,,102026
323.823420,-3.983305,5.79,,106592
330.460770,52.882253,5.79,,108758
331.959615,21.702926,5.79,,109240
336.028680,-4.837020,5.79,,110578
337.292610,26.763198,5.79,,110992
343.417320,44.749163,5.79,,113048
345.998490,-41.478896,5.79,,113902
0.542085,27.082256,5.80,,171
1.275585,61.313970,5.80,,418
11.439750,-47.551985,5.80,,3583
13.646775,19.188417,5.80,,4267
17.792835,37.724121,5.80,,5550
39.400140,65.745336,5.80,,12239
41.948520,81.448475,5.80,,13055
44.521710,20.668733,5.80,,13834
58.430175,57.975141,5.80,,18217
62.900835,-20.356157,5.80,,19571
77.084130,-8.665324,5.80,,23916
82.348695,-3.446394,5.80,,25708
91.363230,-35.513647,5.80,,28855
103.761405,-20.404876,5.80,,33248
106.779495,-40.893268,5.80,,34339
108.545205,-3.901779,5.80,,34975
110.716905,55.281392,5.80,,35785
111.237855,51.887258,5.80,,35984
116.040405,-36.062505,5.80,,37710
119.247720,15.790281,5.80,,38848
125.087370,20.747721,5.80,,40866
128.506740,-2.151555,5.80,,42028
134.683035,-16.132727,5.80,,44075
135.190605,-60.963828,5.80,,44256
145.258950,-57.259542,5.80,,47498
146.541855,6.708556,5.80,,47943
152.375790,-68.682779,5.80,,49764
154.658415,-56.110393,5.80,,50493
162.575235,-8.897763,5.80,,52980
171.245535,11.430292,5.80,,55716
171.697005,-53.159915,5.80,,55849
174.074805,27.781351,5.80,,56601
184.373265,53.191331,5.80,,59920
221.528205,-23.153018,5.80,,72210
222.493320,28.615832,5.80,,72552
235.477980,18.464037,5.80,Tau-7 Ser,76878
244.186605,29.150261,5.80,Ups CrB,79757
263.652900,9.586700,5.80,,85998
282.363855,-45.810100,5.80,,92367
300.201360,-45.112918,5.80,,98512
301.025985,17.070173,5.80,,98819
332.245800,-18.519592,5.80,,109332
334.219020,-9.040067,5.80,,110009
339.303705,75.371811,5.80,,111660
343.369605,-11.616514,5.80,,113031
24.945045,-56.194620,5.80,p Eridani,
17.581050,25.457763,5.81,,5494
34.976085,-55.944796,5.81,,10871
35.709660,41.396297,5.81,,11090
39.146130,7.730026,5.81,,12148
45.732735,-46.975036,5.81,,14187
52.715385,-66.489714,5.81,,16368
57.148770,-20.902977,5.81,,17798
65.773635,-24.892157,5.81,,20465
79.555200,73.268071,5.81,,24732
84.681360,-40.707306,5.81,,26545
89.656455,-44.034562,5.81,,28287
101.473830,-52.409691,5.81,,32402
109.132725,-38.318928,5.81,,35202
154.310670,23.106220,5.81,,50384
164.997465,-43.807110,5.81,,53762
199.615515,34.098304,5.81,,64927
200.567865,-52.182956,5.81,,65247
204.675315,-29.560867,5.81,,66563
206.403735,-26.116009,5.81,,67143
238.069035,55.826713,5.81,,77738
265.491915,72.156911,5.81,Psi-1 Dra,86620
274.298445,-17.373886,5.81,,89609
276.494940,29.828930,5.81,,90342
290.589765,-0.252345,5.81,,95222
301.557345,53.165688,5.81,,99026
303.364965,60.640569,5.81,,99663
320.270100,7.354503,5.81,,105413
346.811610,-50.686681,5.81,,114167
349.968375,42.078044,5.81,,115191
354.383505,44.428994,5.81,,116582
359.872080,33.723878,5.81,,118281
22.806660,70.264604,5.82,,7078
44.523870,-23.606012,5.82,,13835
52.653930,48.103596,5.82,,16340
54.197040,0.587758,5.82,,16846
57.402540,63.296967,5.82,,17891
72.867555,-34.906286,5.82,,22573
91.765290,-34.312021,5.82,,28992
96.767205,-58.002116,5.82,,30703
97.804560,-35.258840,5.82,,31072
98.113275,32.454898,5.82,,31173
117.303600,-46.857717,5.82,,38159
127.281540,-44.160413,5.82,,41621
170.783940,-56.779355,5.82,,55581
183.748260,-20.844220,5.82,,59728
186.263400,56.777828,5.82,,60584
199.308000,-43.979479,5.82,,64822
201.533490,72.391476,5.82,,65536
209.082555,-46.592948,5.82,,68079
227.148180,25.108635,5.82,,74096
232.668345,-16.609464,5.82,Zet-3 Lib,75944
233.507145,-40.066432,5.82,,76207
234.567825,-21.016327,5.82,,76569
240.213060,4.427363,5.82,,78442
261.175125,-21.441479,5.82,,85207
269.076675,0.670355,5.82,,87812
280.001610,-7.790799,5.82,,91532
281.206680,-25.010914,5.82,,91974
281.368185,5.500128,5.82,,92027
282.743790,-9.774096,5.82,,92488
285.884385,1.818768,5.82,,93580
292.237845,24.768723,5.82,,95785
305.089185,17.792928,5.82,,100276
339.147690,-31.663789,5.82,,111600
342.046005,37.416688,5.82,,112590
343.529025,40.376907,5.82,,113084
353.331480,-77.385327,5.82,,116250
10.514295,66.147592,5.83,,3299
16.081260,61.580184,5.83,,5021
27.535710,22.275338,5.83,,8544
42.133695,18.283790,5.83,,13108
84.286845,26.924473,5.83,,26396
92.884605,24.420253,5.83,,29379
93.475980,-3.741374,5.83,,29575
93.652935,-4.568457,5.83,,29629
110.605785,-5.982829,5.83,,35749
113.566215,3.371725,5.83,Del-3 CMi,36812
120.767340,-32.463548,5.83,,39380
122.794980,-48.461994,5.83,,40077
139.282170,-14.574069,5.83,,45559
139.676490,-51.560651,5.83,,45675
149.147880,-33.418496,5.83,,48748
172.269315,61.778368,5.83,,56035
178.993380,56.598560,5.83,,58181
192.164160,60.319822,5.83,,62512
208.488510,-47.128164,5.83,,67861
216.800880,-46.134254,5.83,,70663
219.563400,54.023339,5.83,,71573
225.526785,-28.060611,5.83,,73566
246.045120,6.948207,5.83,,80351
249.046695,46.613333,5.83,,81289
249.609555,-43.398426,5.83,,81472
261.684345,48.260065,5.83,,85379
262.864470,-80.859134,5.83,,85760
271.956510,26.101280,5.83,,88818
296.865750,38.407614,5.83,,97376
304.529115,40.732082,5.83,,100069
314.106105,50.728598,5.83,,103359
315.537510,56.669614,5.83,,103810
318.057090,-40.269362,5.83,,104680
319.546140,-4.519478,5.83,,105164
330.829305,11.386552,5.83,,108875
336.676830,78.785853,5.83,Rho-1 Cep,110787
347.489325,-42.861292,5.83,,114382
2.578620,-5.248588,5.84,,840
2.678475,-12.579897,5.84,,873
20.878995,-30.945617,5.84,,6502
29.432265,27.804381,5.84,,9132
32.288760,-43.516596,5.84,,10035
38.219280,34.542410,5.84,,11840
39.577725,-30.194062,5.84,Iot-2 For,12288
45.483825,-9.961407,5.84,,14110
49.360830,-47.751664,5.84,,15305
62.501280,86.626139,5.84,,19454
72.329475,32.588191,5.84,,22407
74.712435,-82.470512,5.84,Xi Men,23148
76.980990,21.704821,5.84,,23883
107.923350,-20.883063,5.84,,34758
108.674895,24.884984,5.84,,35025
113.290740,-24.710731,5.84,,36721
154.174020,25.370705,5.84,,50336
159.781950,37.910000,5.84,,52139
174.093225,-61.052433,5.84,,56606
190.345845,-46.145581,5.84,,61916
194.073315,54.099489,5.84,,63143
198.572295,-78.447454,5.84,,64587
198.680415,-48.957022,5.84,,64623
214.368555,15.263380,5.84,,69829
217.818360,-67.717197,5.84,,71002
228.472140,-26.193569,5.84,,74539
234.642495,50.423283,5.84,,76594
239.418600,-20.983080,5.84,,78168
250.439415,-33.145759,5.84,,81741
253.612260,-42.478891,5.84,,82716
263.280780,-41.173066,5.84,,85889
268.082340,-34.416842,5.84,,87472
271.530825,-8.323956,5.84,,88670
279.809520,-47.909767,5.84,,91461
283.696425,48.859401,5.84,,92822
290.462055,-18.308388,5.84,Rho-2 Sgr,95188
291.619530,19.891493,5.84,,95582
292.086660,2.930030,5.84,,95732
303.107790,-12.617497,5.84,Xi-2 Cap,99572
322.249065,22.179436,5.84,,106062
328.879140,65.320809,5.84,,108226
339.719130,19.522263,5.84,,111810
341.542455,44.546054,5.84,,112417
40.747920,53.526105,5.85,,12686
59.718315,-5.469947,5.85,,18606
65.178480,-7.592493,5.85,,20271
69.565965,20.684722,5.85,,21604
104.133570,46.273998,5.85,Psi-9 Aur,33377
108.109905,24.128594,5.85,,34819
135.686745,7.298267,5.85,,44406
138.534225,-44.145822,5.85,,45314
138.738195,-37.602396,5.85,,45386
149.108235,8.933157,5.85,,48734
162.351855,-59.323793,5.85,,52922
162.431205,-9.852695,5.85,,52948
177.923385,-30.834809,5.85,,57841
183.358080,10.262341,5.85,,59608
205.374375,64.822411,5.85,,66798
223.657980,-33.300575,5.85,,72959
227.163345,-42.867921,5.85,,74100
234.383430,54.508733,5.85,,76509
236.908005,55.376627,5.85,,77370
279.722520,-21.051871,5.85,,91438
288.021240,49.855755,5.85,,94336
290.985405,43.388171,5.85,,95352
339.245190,-40.591034,5.85,Sig-2 Gru,111643
345.178755,3.011805,5.85,,113622
348.360435,11.065001,5.85,,114641
358.124970,-14.251217,5.85,,117722
4.287675,47.947405,5.86,,1372
12.037305,72.674482,5.86,,3750
27.045570,16.955551,5.86,,8387
33.254100,-21.000137,5.86,,10326
42.923910,46.841939,5.86,,13339
54.621885,-7.391863,5.86,,16989
65.362665,-0.098170,5.86,,20341
70.839975,49.973789,5.86,,21972
75.689145,-4.210121,5.86,,23475
81.772170,-40.943510,5.86,,25488
82.899990,-45.925317,5.86,,25887
93.619095,17.906353,5.86,,29616
97.696350,58.162633,5.86,,31039
105.638700,16.674447,5.86,,33937
109.517715,-43.986786,5.86,,35347
112.356825,-7.551168,5.86,,36399
118.880970,8.862840,5.86,,38712
123.599475,-45.834522,5.86,,40357
132.509295,-29.462997,5.86,,43370
139.365075,-74.734591,5.86,,45585
142.593690,-15.577352,5.86,,46618
142.887600,-35.714750,5.86,,46736
149.595285,72.879509,5.86,,48893
152.803260,37.401900,5.86,,49893
165.048720,-14.083368,5.86,,53778
188.784030,21.881384,5.86,,61420
189.764430,-30.422387,5.86,,61720
214.659405,-18.715968,5.86,,69929
218.374875,-52.679522,5.86,,71182
218.385060,-54.998628,5.86,,71184
222.565845,23.911844,5.86,,72567
236.007585,2.515173,5.86,Psi Ser,77052
237.489600,-48.912408,5.86,,77541
242.182170,-23.685416,5.86,,79098
242.823840,-41.119803,5.86,,79320
251.832270,42.238918,5.86,,82172
253.355100,-20.415555,5.86,,82621
260.730105,-58.010327,5.86,,85049
269.903175,-4.821126,5.86,,88101
272.773140,-41.359113,5.86,,89099
272.815710,-75.891510,5.86,,89115
273.142230,-73.672417,5.86,,89234
287.490225,-41.892256,5.86,,94157
295.937880,41.773108,5.86,,97081
304.505820,-21.809960,5.86,,100062
306.361785,-28.663269,5.86,,100738
312.323385,-25.781240,5.86,,102772
343.259445,16.841194,5.86,,112997
353.745975,71.642043,5.86,,116380
357.420660,36.425281,5.86,,117503
0.650355,66.098966,5.87,,207
19.049580,71.743842,5.87,,5926
19.951230,-0.509029,5.87,,6226
30.744030,-15.305932,5.87,,9572
66.869865,11.212300,5.87,,20804
84.504660,7.541420,5.87,,26487
87.472920,-22.971872,5.87,,27533
88.875720,-4.616546,5.87,,28011
96.664935,-1.507336,5.87,,30666
99.409980,56.857531,5.87,,31665
102.457650,16.202888,5.87,,32753
109.509240,40.883392,5.87,,35341
110.268060,-25.891643,5.87,,35626
112.498875,-52.651157,5.87,,36444
116.543940,-37.933670,5.87,,37915
120.208125,-54.151275,5.87,,39184
120.232800,25.392836,5.87,Ome-1 Cnc,39191
142.680090,33.655711,5.87,,46652
162.058815,-31.687850,5.87,,52841
171.387930,-37.747575,5.87,,55763
191.692620,-33.315483,5.87,,62360
192.544815,37.516937,5.87,,62641
208.429590,-53.373323,5.87,,67836
214.753830,-25.815426,5.87,,69965
216.779595,-65.821646,5.87,,70657
238.664715,-25.243741,5.87,,77909
258.325095,-67.196591,5.87,,84248
264.286875,72.455794,5.87,,86219
266.175030,-42.729302,5.87,,86847
277.398795,23.866202,5.87,,90637
299.947275,-9.958238,5.87,,98416
304.002555,45.579525,5.87,,99889
305.934870,37.476449,5.87,,100574
312.674070,-12.544906,5.87,,102891
320.267985,-4.560125,5.87,,105412
333.411225,28.608017,5.87,,109730
4.659375,31.517227,5.88,,1493
7.856805,33.581642,5.88,,2475
9.840945,21.250472,5.88,,3093
13.926660,-7.347149,5.88,,4346
24.479385,-82.974995,5.88,,7601
36.501465,-15.341247,5.88,,11348
37.634790,25.235036,5.88,,11670
45.406725,-28.091554,5.88,Eps For,14086
61.513230,68.679972,5.88,,19129
64.417785,-63.255405,5.88,The Ret,20020
68.658300,28.961150,5.88,,21323
77.938965,1.037028,5.88,,24203
85.558155,-22.373715,5.88,,26865
91.362630,-10.242596,5.88,,28854
93.785010,-20.272186,5.88,,29679
94.289865,-37.253498,5.88,,29852
96.318945,-0.945883,5.88,,30545
97.512405,46.685554,5.88,,30972
98.080020,4.855999,5.88,,31159
100.134360,71.748786,5.88,,31946
100.911030,3.932528,5.88,,32226
104.233650,46.705352,5.88,,33415
123.459105,56.452246,5.88,,40305
125.708070,-26.348220,5.88,,41074
128.229150,38.016368,5.88,,41935
134.481510,-48.572910,5.88,,44024
142.597650,-58.361839,5.88,,46620
155.264145,68.747651,5.88,,50685
164.878875,-16.353701,5.88,,53723
169.174485,49.476250,5.88,,55086
188.041335,-73.001056,5.88,,61181
189.197310,-5.831898,5.88,,61558
191.828910,62.781155,5.88,,62402
200.828730,-4.924427,5.88,,65323
201.569145,46.028055,5.88,,65550
206.556525,41.088746,5.88,,67194
218.881185,-41.517436,5.88,,71353
224.723250,-11.144014,5.88,,73310
225.304545,-38.058398,5.88,,73493
227.786655,-84.787812,5.88,Ome Oct,74296
229.608855,-0.461234,5.88,,74901
254.990445,-25.092198,5.88,,83176
268.056915,-34.799196,5.88,,87460
278.192310,23.616801,5.88,,90915
278.230560,-73.965596,5.88,,90930
287.107605,52.425731,5.88,,94013
288.853575,30.526381,5.88,,94630
298.050015,-19.044991,5.88,,97783
300.436290,24.800423,5.88,,98609
316.597350,71.431797,5.88,,104171
325.768320,-14.399709,5.88,,107232
334.110585,57.220238,5.88,,109972
338.109900,39.779733,5.88,,111259
338.512140,-1.574270,5.88,,111394
340.092990,-30.658871,5.88,,111934
347.435955,-28.088572,5.88,,114366
5.101665,30.935614,5.89,,1630
9.197130,15.231725,5.89,,2903
10.104885,-59.454604,5.89,,3170
28.977000,37.277786,5.89,,9001
29.898660,21.058570,5.89,,9307
30.038160,3.097015,5.89,,9353
35.520765,-17.662169,5.89,,11033
36.646725,-20.042617,5.89,,11381
37.202085,29.931760,5.89,,11548
42.191250,25.188064,5.89,,13121
44.916150,41.032941,5.89,,13949
46.829205,64.057594,5.89,,14502
60.203175,18.194000,5.89,,18735
61.997565,17.339897,5.89,,19284
77.829900,-2.490782,5.89,,24162
89.206035,11.521058,5.89,,28139
89.601840,1.837108,5.89,,28271
114.144615,5.862171,5.89,,37031
116.142450,-37.942917,5.89,,37752
117.599355,-50.509468,5.89,,38267
125.108460,57.743278,5.89,,40875
125.729865,-52.123730,5.89,,41081
127.442730,67.297441,5.89,,41676
128.431155,4.757000,5.89,,42008
131.733405,12.109952,5.89,,43121
135.285405,-68.683916,5.89,,44283
135.350535,32.252296,5.89,,44307
155.776365,33.908145,5.89,,50860
159.511050,-57.256309,5.89,,52043
167.410485,43.207736,5.89,,54537
173.083320,-66.961823,5.89,,56287
178.750080,-63.279180,5.89,,58103
180.657225,-69.192288,5.89,,58720
181.069155,21.459153,5.89,,58858
193.453845,-60.376244,5.89,Kap Cru,62931
193.744035,-44.151968,5.89,,63033
200.540370,5.154764,5.89,,65241
207.788400,34.664399,5.89,,67605
213.419955,-0.845463,5.89,,69493
222.158535,-36.634697,5.89,,72432
231.560835,-68.309167,5.89,,75565
237.143400,28.156749,5.89,,77442
242.948340,42.374569,5.89,,79357
245.621115,-43.912051,5.89,,80212
250.346340,-68.296123,5.89,Eta-1 TrA,81710
259.132155,1.210545,5.89,,84500
264.363795,-50.059702,5.89,,86248
270.968520,-24.360730,5.89,,88469
281.619150,-0.961692,5.89,,92117
282.222435,19.328720,5.89,,92312
284.507910,38.266188,5.89,,93104
285.873630,-68.755544,5.89,,93574
292.840080,26.617171,5.89,,96016
293.535360,-40.034638,5.89,,96234
294.671535,54.973793,5.89,,96620
296.416440,7.613158,5.89,Ups Aql,97229
307.362945,56.068190,5.89,,101084
309.577515,-81.289063,5.89,,101843
314.419350,-16.031539,5.89,,103460
319.842420,38.237473,5.89,,105269
342.762270,85.373739,5.89,,112833
348.654330,74.231268,5.89,,114745
355.287135,-11.680655,5.89,,116853
355.486215,7.250546,5.89,,116918
1.056930,62.287664,5.90,,330
10.176555,-4.351841,5.90,,3193
11.050245,-38.421686,5.90,Lam-2 Scl,3456
12.308100,-24.136672,5.90,,3834
23.569185,37.237146,5.90,,7321
23.704440,18.460512,5.90,,7359
35.727780,-51.092129,5.90,,11102
61.334370,22.008905,5.90,,19076
67.097505,14.740974,5.90,,20873
78.200535,-6.057190,5.90,,24294
88.745805,31.701496,5.90,,27973
89.840760,49.924540,5.90,,28343
91.264140,42.981635,5.90,,28823
104.107635,9.956578,5.90,,33372
108.564660,-9.947533,5.90,,34982
109.843215,2.740694,5.90,,35476
111.676950,-34.140692,5.90,,36143
113.024010,-8.881326,5.90,,36640
116.802315,-22.519510,5.90,,37995
120.406365,-37.283720,5.90,,39251
130.272180,-48.922680,5.90,,42614
134.127210,40.201474,5.90,,43894
142.127400,-66.701877,5.90,,46460
145.396305,31.277817,5.90,,47544
148.428855,5.958573,5.90,,48519
157.964055,32.379554,5.90,,51556
164.282745,-50.765018,5.90,,53530
169.728990,1.650395,5.90,,55249
177.161295,14.284210,5.90,,57606
184.667985,-0.787184,5.90,,60030
198.347340,-50.699829,5.90,,64515
209.116155,1.050581,5.90,,68092
219.558285,18.298379,5.90,,71571
221.771205,-38.290639,5.90,,72296
224.055120,14.446266,5.90,,73087
228.017760,18.976031,5.90,,74386
231.964305,60.670217,5.90,,75696
241.526580,-23.606315,5.90,,78877
261.801930,-50.630370,5.90,,85409
276.956175,-29.816865,5.90,,90485
296.076690,69.337065,5.90,,97122
300.245745,8.557735,5.90,,98526
307.334955,36.454729,5.90,,101067
347.540550,-40.591547,5.90,,114407
347.479575,-22.457364,5.90,,
27.108405,3.685447,5.91,,8404
33.633120,-41.166765,5.91,,10440
38.279280,-34.649967,5.91,Lam-1 For,11867
39.238185,38.733581,5.91,,12181
45.475590,26.462354,5.91,,14109
49.982490,27.071134,5.91,,15514
53.166735,35.461729,5.91,,16518
56.539005,6.803520,5.91,,17595
56.614290,-29.338157,5.91,Sig For,17618
57.162315,0.227857,5.91,,17805
65.465880,56.506317,5.91,,20380
65.594715,20.821416,5.91,,20417
69.100905,64.261602,5.91,,21452
75.459810,0.722112,5.91,,23408
93.785295,13.851098,5.91,,29678
104.252175,33.681039,5.91,,33421
108.050895,-25.942588,5.91,,34798
109.948515,7.142947,5.91,,35509
122.515785,58.248242,5.91,,39995
128.962395,6.620220,5.91,,42172
129.823470,52.711623,5.91,,42452
142.196445,-62.273134,5.91,,46482
142.884015,-31.871831,5.91,Zet-2 Ant,46734
152.531415,-8.408170,5.91,,49812
153.441405,-40.346056,5.91,,50103
158.140050,-44.618508,5.91,,51610
163.379790,69.853881,5.91,,53257
163.926660,0.736922,5.91,,53423
164.006130,6.185371,5.91,,53449
183.091590,-62.950773,5.91,,59517
185.489295,-56.374385,5.91,,60308
190.908540,-1.576996,5.91,,62103
193.267530,-54.952473,5.91,,62861
197.449365,16.848611,5.91,,64226
197.513445,38.498981,5.91,,64246
198.203250,-66.226747,5.91,,64466
198.550485,-58.683937,5.91,,64580
204.347835,-46.427879,5.91,,66454
205.663950,78.064437,5.91,,66903
208.292880,28.648131,5.91,,67782
218.135610,22.260059,5.91,,71115
222.185655,-66.593563,5.91,,72438
223.146930,-63.809827,5.91,,72773
224.846310,4.567761,5.91,,73350
225.362925,60.204453,5.91,,73507
241.153485,-37.862951,5.91,,78747
243.593190,-33.011088,5.91,,79596
252.394410,13.261141,5.91,,82350
253.501590,-57.909507,5.91,,82672
255.913755,13.605346,5.91,,83478
255.962190,-38.152572,5.91,,83491
259.737630,-34.989792,5.91,,84709
260.728110,-37.220786,5.91,,85048
268.147680,1.305014,5.91,,87491
281.679510,52.987960,5.91,,92133
284.002800,-23.173751,5.91,,92931
284.695515,13.906648,5.91,,93179
288.664785,-45.193527,5.91,,94556
290.066745,57.645129,5.91,,95038
291.266850,-29.309359,5.91,,95456
297.558570,-47.557392,5.91,,97598
298.029870,47.931795,5.91,,97774
303.002925,26.478806,5.91,,99531
304.378770,66.853687,5.91,,100017
309.645795,23.680494,5.91,,101870
311.091855,56.488405,5.91,,102358
311.541615,-21.514032,5.91,,102487
316.371750,78.126392,5.91,,104105
342.590715,41.953394,5.91,,112778
343.760985,37.076827,5.91,,113174
347.613525,43.544232,5.91,,114430
353.537565,-1.247567,5.91,,116323
12.072540,7.299928,5.92,,3760
15.904200,61.074823,5.92,,4962
21.085425,-6.914656,5.92,,6564
21.272040,-64.369478,5.92,,6631
22.595430,-26.207851,5.92,,7016
27.716550,11.043378,5.92,,8588
42.561570,-35.843636,5.92,Eta-2 For,13225
47.928435,81.470710,5.92,,14844
48.107190,-44.419660,5.92,,14913
75.595020,-31.771333,5.92,,23446
81.703350,34.391810,5.92,,25471
83.516865,-1.470253,5.92,,26108
88.736190,19.749614,5.92,,27965
97.546980,-10.081511,5.92,,30986
97.692870,-27.769575,5.92,,31037
101.345670,-31.793661,5.92,,32366
101.635065,8.587153,5.92,,32463
115.056375,-19.660861,5.92,,37364
125.133900,24.022314,5.92,Piautos,40881
125.725395,-7.543120,5.92,,41080
128.410140,-38.848815,5.92,,42001
129.274050,9.655580,5.92,,42265
133.160865,-48.359097,5.92,,43589
138.393585,-47.338407,5.92,,45270
143.358555,-22.863883,5.92,,46897
162.168990,-1.958896,5.92,,52863
192.278250,83.417832,5.92,,62561
197.964180,-69.942017,5.92,,64390
203.668545,-13.214324,5.92,,66247
205.595685,82.752408,5.92,,66878
206.579460,38.503626,5.92,,67210
206.865075,-50.249291,5.92,,67292
209.822805,-50.369647,5.92,,68333
225.047205,-77.160550,5.92,,73415
248.106945,60.823323,5.92,,80991
250.402905,26.916880,5.92,,81729
299.835090,45.772541,5.92,,98383
314.107890,49.195847,5.92,,103360
318.926685,77.012296,5.92,,104968
328.797345,-61.886608,5.92,,108195
335.883960,-7.194421,5.92,,110532
340.489395,14.516393,5.92,,112067
349.165785,-44.489166,5.92,,114921
1.945395,-22.508560,5.93,,636
8.293185,54.894985,5.93,,2611
17.931285,-2.251079,5.93,,5594
43.393275,-38.437004,5.93,Psi For,13473
43.397160,-22.376308,5.93,,13479
45.183915,10.870388,5.93,,14036
48.349455,48.176953,5.93,,15004
49.510755,-28.797075,5.93,,15357
51.593850,-27.317479,5.93,,16029
52.689255,6.188703,5.93,,16358
58.388805,-46.893674,5.93,,18199
60.169380,-30.490697,5.93,,18723
77.437860,28.030461,5.93,,24019
82.609020,15.360449,5.93,,25790
85.273320,0.337753,5.93,,26762
86.626590,56.115575,5.93,,27249
88.084140,-57.156191,5.93,,27737
91.167165,-45.078932,5.93,,28790
92.385150,22.190262,5.93,,29196
98.823315,9.988335,5.93,,31448
105.876855,29.337081,5.93,,34017
109.390500,52.131071,5.93,,35304
114.196005,55.755060,5.93,,37046
114.474420,48.773842,5.93,,37140
115.243830,23.018527,5.93,,37428
116.666895,65.455676,5.93,,37949
138.969585,72.946326,5.93,,45461
150.500415,-60.420890,5.93,,49164
155.860320,-4.074035,5.93,,50885
156.247740,-58.576303,5.93,,50993
163.821840,-60.517003,5.93,,53394
171.789660,-12.356749,5.93,Kap Crt,55874
178.917210,-28.477103,5.93,,58158
194.132130,-72.185212,5.93,,63165
195.772305,-71.475729,5.93,,63688
210.860565,-56.213434,5.93,,68670
214.849530,-37.002907,5.93,,69995
220.176630,13.534325,5.93,,71759
234.121815,16.119085,5.93,Tau-5 Ser,76424
236.094495,-41.819089,5.93,,77086
240.523155,52.915917,5.93,,78542
242.245335,3.454475,5.93,,79120
242.296725,6.378695,5.93,,79137
244.796745,49.038159,5.93,,79953
249.771780,-37.217370,5.93,,81523
257.198085,-30.403730,5.93,,83896
259.802130,-59.694612,5.93,,84731
262.162140,-55.169686,5.93,,85520
266.903250,-14.725824,5.93,,87074
269.079315,-15.812521,5.93,,87813
277.987470,-1.002977,5.93,,90844
279.476775,-21.397725,5.93,,91347
282.441300,32.812820,5.93,Nu-1 Lyr,92398
285.989775,-51.018604,5.93,,93624
286.421580,-15.660419,5.93,,93763
287.941710,31.283456,5.93,,94311
295.685850,32.426741,5.93,,96977
315.613095,-38.530970,5.93,,103836
315.948375,53.285900,5.93,,103956
321.445935,36.667386,5.93,,105811
332.963880,16.040551,5.93,,109577
340.400100,41.549123,5.93,,112041
341.021730,39.465348,5.93,,112241
357.561375,-9.974136,5.93,,117541
358.231515,-3.155482,5.93,,117761
3.426015,-26.022345,5.94,,1096
7.583010,59.977554,5.94,,2377
8.886810,-0.505610,5.94,,2787
11.237805,-42.676558,5.94,,3521
24.614520,-36.528251,5.94,,7643
27.162120,37.952870,5.94,,8423
27.726885,-50.206138,5.94,,8593
32.899305,-1.825429,5.94,,10234
42.994785,68.888497,5.94,,13367
50.468655,49.070905,5.94,,15669
62.256540,13.398281,5.94,,19376
66.272295,-61.238193,5.94,,20619
68.377665,72.528605,5.94,,21247
81.160500,31.143148,5.94,,25291
99.423000,61.481233,5.94,,31676
102.926775,-36.230270,5.94,,32938
106.843335,34.009288,5.94,,34358
108.107595,-36.544381,5.94,,34817
111.734715,20.257557,5.94,,36156
117.311040,-35.243286,5.94,,38167
125.841000,18.332200,5.94,,41117
127.155585,14.210822,5.94,,41578
139.607985,35.364080,5.94,,45661
172.629765,43.173242,5.94,,56148
173.198070,-7.827523,5.94,,56318
174.451905,-67.620379,5.94,,56727
185.044890,-22.175700,5.94,,60157
216.003645,8.243969,5.94,,70384
236.645055,55.474791,5.94,,77272
254.119920,-52.283746,5.94,,82902
257.911155,-48.873399,5.94,,84105
261.692295,34.695802,5.94,,85382
264.400860,-15.571038,5.94,,86266
267.885600,-40.772461,5.94,,87390
271.598775,-36.019788,5.94,,88694
307.474605,-18.583178,5.94,Omi Cap,101123
316.361340,5.958199,5.94,,104101
326.222010,62.460567,5.94,,107374
330.765660,-76.118427,5.94,,108849
340.076685,53.845927,5.94,,111925
345.382125,-4.711461,5.94,,113686
15.726105,41.345157,5.95,,4903
18.189240,-37.856479,5.95,,5661
23.978130,17.433841,5.95,,7447
41.206995,67.824630,5.95,,12821
53.610930,24.464393,5.95,,16664
57.283830,43.963095,5.95,,17846
64.330095,-6.472177,5.95,,19996
65.060115,41.808070,5.95,,20241
67.162650,-19.458874,5.95,,20892
67.668045,-35.653504,5.95,,21042
75.076425,39.394701,5.95,,23261
86.645460,1.168193,5.95,,27253
88.032210,-9.041900,5.95,,27713
89.059440,-22.839975,5.95,,28085
99.194160,-13.321036,5.95,,31599
105.098985,-8.406821,5.95,,33729
108.738135,-41.426394,5.95,,35054
108.930165,-10.583605,5.95,,35127
112.213140,-31.848401,5.95,,36345
112.628805,-54.399365,5.95,,36496
115.396485,3.624779,5.95,,37478
124.599765,-12.632173,5.95,,40693
126.465030,-64.600618,5.95,,41321
128.869605,-26.843487,5.95,,42147
134.142195,-16.708748,5.95,,43899
137.197245,26.629112,5.95,,44892
137.212890,33.882217,5.95,,44897
143.232390,-13.516804,5.95,,46859
147.367065,-37.186765,5.95,,48191
148.458765,-51.146713,5.95,,48527
154.134585,23.503095,5.95,,50319
161.266770,67.411384,5.95,,52577
162.772530,-3.092667,5.95,,53035
163.623330,-61.826622,5.95,,53334
165.902460,-0.000833,5.95,,54049
173.677050,16.796915,5.95,,56473
175.177020,-53.968607,5.95,,56970
179.823075,33.167004,5.95,,58460
181.238460,-60.968252,5.95,,58921
181.596060,-65.709453,5.95,,59050
182.422125,1.897889,5.95,,59285
186.299025,-11.610590,5.95,,60595
191.247780,39.278916,5.95,,62207
197.438670,-10.329327,5.95,,64224
208.912395,-82.666190,5.95,,68009
234.985890,-59.908338,5.95,,76716
235.477905,-76.081959,5.95,,76877
238.751520,-19.382926,5.95,,77939
244.272735,-67.941285,5.95,,79797
253.426785,-43.050968,5.95,,82650
255.154125,-35.934133,5.95,,83235
258.243990,-32.438332,5.95,,84226
258.899910,-38.593896,5.95,,84425
269.267985,0.066665,5.95,,87875
277.333365,-80.232708,5.95,,90606
286.731675,-48.299144,5.95,,93862
300.066375,-37.701719,5.95,,98461
305.688735,41.026012,5.95,,100501
314.674335,-14.483128,5.95,,103545
337.441710,-27.107284,5.95,,111045
353.705670,-15.246005,5.95,,116368
354.792345,75.292882,5.95,,116714
356.653035,66.782244,5.95,,117265
357.414120,28.842389,5.95,,117500
359.332620,-62.956584,5.95,,118092
5.369790,-77.426873,5.96,,1706
27.737970,51.933417,5.96,,8598
30.950715,-0.340251,5.96,,9631
33.156405,24.167778,5.96,,10296
51.401055,-69.336436,5.96,,15968
72.209520,75.941219,5.96,,22361
79.710255,-18.130050,5.96,,24786
84.658215,-6.573959,5.96,,26535
87.554430,4.423406,5.96,,27560
88.097520,19.867849,5.96,,27747
104.737605,3.602355,5.96,,33603
105.606390,17.755521,5.96,,33929
105.824655,9.138355,5.96,,34002
106.805385,-51.968283,5.96,,34349
108.838515,-52.499226,5.96,,35084
121.176675,-50.590396,5.96,,39527
121.576650,22.635490,5.96,Mu-1 Cnc,39659
125.300415,-57.973220,5.96,,40932
126.481620,-14.929661,5.96,,41328
129.579105,32.802021,5.96,,42365
133.049040,45.312819,5.96,,43553
133.149375,28.330819,5.96,Copernicus,43587
139.379895,46.817228,5.96,,45590
144.368355,-36.095994,5.96,,47224
144.866250,67.272230,5.96,,47401
159.748590,-58.816854,5.96,,52127
173.623170,-32.831340,5.96,,56452
187.983900,-63.505838,5.96,,61158
204.275085,-44.143203,5.96,,66427
205.729305,-41.401043,5.96,,66924
205.917030,-42.067521,5.96,,66984
210.218940,-66.268910,5.96,,68455
212.396010,-51.504672,5.96,,69174
217.460490,0.828929,5.96,,70894
228.973605,-48.073661,5.96,,74696
251.165610,-53.152313,5.96,,81966
273.804045,-20.387974,5.96,,89440
273.821085,68.755810,5.96,,89448
285.765855,-19.245686,5.96,,93537
305.000790,13.548091,5.96,,100256
307.363965,81.091277,5.96,,101082
314.144910,44.924722,5.96,,103371
324.010335,45.374591,5.96,,106642
326.004030,-14.749370,5.96,,107302
326.130525,14.771939,5.96,,107350
329.722980,62.697986,5.96,,108505
334.753080,-13.304995,5.96,,110179
349.850445,-18.075376,5.96,,115144
225.948675,47.653692,5.96,,
230.799450,30.286200,5.96,Eta CrB,
14.629275,66.351793,5.97,,4572
17.639805,2.445670,5.97,,5510
18.531795,16.133479,5.97,,5778
20.853960,20.468967,5.97,,6492
25.413495,30.047120,5.97,,7906
30.646155,13.476716,5.97,,9533
44.057370,8.381563,5.97,,13679
47.661645,11.872627,5.97,,14764
49.440630,39.283373,5.97,,15334
54.754650,-5.626210,5.97,,17027
58.291845,17.327083,5.97,,18170
66.238020,19.042013,5.97,,20614
70.459245,38.280182,5.97,,21847
73.196310,27.897485,5.97,,22697
76.854000,-12.491269,5.97,,23831
84.268260,11.035005,5.97,,26386
85.724640,-6.796168,5.97,,26926
87.145590,-4.094648,5.97,,27435
87.625110,2.024700,5.97,,27588
89.116815,9.509396,5.97,,28110
94.032045,-16.618006,5.97,,29771
126.238365,-42.769834,5.97,,41250
149.306640,57.418196,5.97,,48802
154.617705,-41.668490,5.97,,50480
160.464855,-79.783288,5.97,,52340
195.290055,17.123147,5.97,,63533
201.547560,-1.192471,5.97,,65545
206.680515,25.702236,5.97,,67239
207.439440,61.489313,5.97,,67485
226.638330,-30.918483,5.97,,73937
233.817525,53.922144,5.97,,76311
244.751745,-14.872825,5.97,,79938
259.596975,38.811395,5.97,,84656
265.384680,6.313156,5.97,,86575
266.232720,-57.545540,5.97,,86871
272.631645,54.286552,5.97,,89047
295.029855,-23.429086,5.97,,96760
302.007600,-0.678185,5.97,,99171
310.013235,43.458878,5.97,,101986
318.328995,-36.423527,5.97,,104752
319.716780,11.203373,5.97,,105224
321.205935,80.524826,5.97,,105727
323.060715,-33.944623,5.97,,106340
331.153185,-26.822359,5.97,,108975
333.033720,24.950641,5.97,,109602
338.901555,-23.991094,5.97,,111515
345.684390,-20.870712,5.97,,113801
346.869630,21.134251,5.97,,114189
1.565340,58.436733,5.98,,518
11.848470,6.740956,5.98,,3697
21.577755,43.457739,5.98,,6711
24.920070,16.405858,5.98,,7740
40.392210,-14.549276,5.98,,12562
49.146630,32.184018,5.98,,15241
52.653900,-47.375125,5.98,,16339
53.412825,54.974857,5.98,,16599
70.894770,-8.794317,5.98,,21986
73.711290,0.467167,5.98,,22840
79.848690,-27.368884,5.98,,24831
84.826305,29.215213,5.98,,26606
90.429405,48.959445,5.98,,28562
111.463335,-5.774961,5.98,,36055
111.928905,-22.859199,5.98,,36236
119.757525,-45.215844,5.98,,39014
127.440165,-46.331693,5.98,,41674
133.041795,42.002735,5.98,,43550
138.809445,34.633516,5.98,,45412
152.657130,-41.715247,5.98,,49844
158.199225,-58.666745,5.98,,51623
162.022545,-59.919163,5.98,,52827
175.863285,-37.190155,5.98,,57165
196.851270,-59.860510,5.98,,64033
205.680945,34.989021,5.98,,66907
210.335115,8.894906,5.98,,68498
227.530530,-38.792511,5.98,,74224
228.525165,31.787845,5.98,,74561
237.055440,13.789078,5.98,,77412
255.112350,-48.647759,5.98,,83216
256.584120,-37.227590,5.98,,83693
257.061900,-17.609052,5.98,,83854
258.834525,-14.584140,5.98,,84402
261.906465,-29.724567,5.98,,85442
262.233705,-36.778280,5.98,,85543
271.209930,-35.901442,5.98,,88550
272.937990,33.447057,5.98,,89156
285.014805,-66.653618,5.98,,93287
292.795635,-68.433920,5.98,,95999
294.218550,11.273206,5.98,,96481
295.273035,13.815682,5.98,,96840
315.016590,7.516197,5.98,,103652
325.504515,35.510200,5.98,,107129
332.640615,-4.266855,5.98,,109466
340.203705,-57.422322,5.98,,111967
349.597185,41.773676,5.98,,115065
354.838170,74.002628,5.98,,116728
95.907083,-52.181111,5.98,,
214.017500,18.911944,5.98,,
2.073060,-8.824112,5.99,,671
6.811275,-25.547170,5.99,,2159
10.674135,-60.262807,5.99,,3352
14.559225,33.950885,5.99,,4552
16.009950,52.502161,5.99,,4998
34.519125,57.516321,5.99,,10729
35.718450,-73.645792,5.99,Kap Hyi,11095
40.527510,-38.383686,5.99,,12608
58.817205,-12.099105,5.99,,18339
71.570115,18.734693,5.99,,22176
71.685315,40.312590,5.99,,22220
79.075620,34.312317,5.99,,24575
80.827125,-8.415595,5.99,,25187
82.702710,41.461994,5.99,,25816
84.879795,-3.564704,5.99,,26624
88.683480,0.968615,5.99,,27939
93.823845,-18.477163,5.99,,29692
93.873645,-4.914719,5.99,,29711
99.948825,12.982768,5.99,,31876
108.350100,-22.674241,5.99,,34914
110.514495,0.177121,5.99,,35712
114.991635,-37.579422,5.99,,37345
120.376200,16.455309,5.99,,39236
141.022890,-61.648902,5.99,,46101
145.449720,-55.213762,5.99,,47559
163.425465,-70.720337,5.99,,53272
164.886570,36.093100,5.99,,53726
169.819455,-64.582491,5.99,,55280
190.788315,-56.176224,5.99,,62058
192.987225,-39.680431,5.99,,62786
195.149775,-3.368488,5.99,,63494
215.952510,-53.176233,5.99,,70363
217.795170,-38.869708,5.99,,70987
230.655210,62.047076,5.99,,75256
250.775700,77.513973,5.99,,81854
251.250795,-28.509657,5.99,,81992
253.323195,47.416725,5.99,,82611
253.852845,-63.269659,5.99,,82806
258.922800,23.742761,5.99,,84431
262.847010,-56.920964,5.99,,85751
269.662710,-28.759089,5.99,,88012
274.221255,-3.007401,5.99,,89587
275.647155,12.029680,5.99,,90052
282.420645,-5.912863,5.99,,92391
283.718820,33.968576,5.99,,92833
295.454175,50.525060,5.99,,96895
300.818325,18.500993,5.99,,98738
309.770700,15.838199,5.99,,101909
310.510965,-76.180592,5.99,Mu-1 Oct,102162
312.857280,-5.626633,5.99,,102945
313.684560,75.925570,5.99,,103219
320.734395,-9.319330,5.99,,105574
340.653675,-47.210813,5.99,,112117
342.837255,-29.536309,5.99,,112862
351.918270,25.167281,5.99,,115806
354.598890,-76.869552,5.99,,116653
354.979335,9.677294,5.99,,116768
9.966420,-44.796293,6.00,,3137
30.718695,64.901466,6.00,,9564
32.842605,-10.052162,6.00,,10215
37.688340,0.255749,6.00,,11687
38.225580,15.034554,6.00,,11843
64.566990,-20.715260,6.00,,20075
65.884860,20.982044,6.00,,20493
76.623675,61.169756,6.00,,23766
86.689575,15.822497,6.00,,27265
94.148295,-39.264394,6.00,,29808
95.651640,12.570237,6.00,,30318
106.326540,22.637458,6.00,,34182
107.389020,-16.234509,6.00,,34561
110.228820,-26.963838,6.00,,35611
123.128310,-46.264285,6.00,,40183
125.167995,72.407232,6.00,,40889
132.587580,-42.089791,6.00,,43392
154.861755,48.396762,6.00,,50546
156.855630,-65.704664,6.00,,51194
156.866880,41.601035,6.00,,51200
182.750310,81.709832,6.00,,59384
187.491195,-41.735901,6.00,,60979
189.685890,-18.250100,6.00,,61688
193.577760,-11.648570,6.00,,62983
194.697135,75.472508,6.00,,63340
196.588515,21.153397,6.00,,63948
200.201415,-55.800688,6.00,,65129
204.703995,-57.622717,6.00,,66575
205.733805,-56.767971,6.00,,66925
207.602835,5.497224,6.00,,67545
209.137335,-54.704665,6.00,,68101
218.084295,26.677284,6.00,,71094
223.349085,19.152798,6.00,,72848
235.246245,16.024588,6.00,Tau-6 Ser,76810
237.881040,-47.060800,6.00,,77678
240.893175,-32.000538,6.00,,78665
256.320075,0.702559,6.00,,83601
259.520580,17.317886,6.00,,84631
265.340790,51.818182,6.00,,86561
268.478220,-34.752721,6.00,,87616
279.970050,52.196075,6.00,,91525
286.717155,-16.229276,6.00,,93855
293.423355,49.262319,6.00,,96198
296.952240,25.384058,6.00,,97402
297.259185,-10.870763,6.00,,97499
319.309335,55.798001,6.00,,105080
326.567790,-9.275935,6.00,,107487
330.033030,6.717437,6.00,,108612
336.942705,31.840045,6.00,,110873
8.184660,-63.031210,6.00,,
271.364850,2.498264,6.00,,
2.332875,79.714545,6.01,,760
10.958700,-12.011813,6.01,,3436
22.470255,18.355669,6.01,,6981
27.314790,47.896924,6.01,,8475
28.974300,1.849982,6.01,,8998
31.705140,25.704553,6.01,,9859
32.800230,25.936938,6.01,,10203
52.413075,-6.804458,6.01,,16266
54.698625,-27.943054,6.01,Tau For,17007
67.965645,15.851560,6.01,,21137
68.450730,9.413567,6.01,,21269
69.121380,23.340855,6.01,,21459
91.593525,29.512414,6.01,,28930
99.647610,-16.873547,6.01,,31758
105.271440,-58.939937,6.01,,33800
105.964995,12.594242,6.01,,34055
115.148010,-8.185430,6.01,,37394
120.061245,-48.981509,6.01,,39122
126.329175,-21.045956,6.01,,41282
127.212510,-9.748582,6.01,,41597
133.574790,-5.434459,6.01,,43726
141.592950,-1.464078,6.01,,46288
147.808470,-4.243350,6.01,,48341
154.820295,-12.528132,6.01,,50536
155.129850,54.216839,6.01,,50635
156.912465,9.762396,6.01,,51213
159.069420,-16.344326,6.01,Phi-2 Hya,51905
166.130160,38.241365,6.01,,54136
182.692065,27.281505,6.01,,59364
195.136110,-33.505267,6.01,,63490
195.446055,63.610225,6.01,,63584
197.411085,37.423146,6.01,,64212
199.767735,35.127978,6.01,,64979
203.011710,-18.728880,6.01,,66015
209.666280,14.649275,6.01,,68279
217.689120,4.772286,6.01,,70949
231.911970,25.101626,6.01,,75674
236.871525,-37.916312,6.01,,77358
261.579210,7.595650,6.01,,85333
265.243950,-32.214464,6.01,,86527
268.019670,39.982089,6.01,,87445
270.151560,33.213682,6.01,,88190
274.966965,29.666392,6.01,,89827
300.349365,-22.737307,6.01,,98575
303.132180,51.463565,6.01,,99579
310.317540,14.582880,6.01,,102080
312.407370,12.545128,6.01,,102805
315.303600,36.026010,6.01,,103734
321.687345,52.898537,6.01,,105891
338.261550,69.913545,6.01,,111314
343.265745,60.101029,6.01,,112998
358.889490,47.355804,6.01,,117956
359.265135,42.658232,6.01,,118071
3.745155,8.820962,6.02,,1196
29.638440,61.697788,6.02,,9220
47.612685,26.896233,6.02,,14748
61.924920,15.162788,6.02,,19261
75.393855,-39.718046,6.02,,23377
77.578365,37.301854,6.02,,24072
81.749220,-68.622544,6.02,,25482
99.888000,28.263134,6.02,,31852
104.761890,38.052317,6.02,,33614
108.617715,-10.316245,6.02,,34999
109.159830,-23.310940,6.02,,35213
116.325195,-43.752566,6.02,,37823
118.944120,-43.845054,6.02,,38732
120.426975,60.324353,6.02,,39261
126.178215,42.005242,6.02,,41224
133.265790,-56.649485,6.02,,43620
138.823530,-58.388377,6.02,,45418
139.016790,-44.898723,6.02,,45481
148.050675,2.454131,6.02,,48414
153.623970,21.168058,6.02,,50174
160.546950,31.696998,6.02,,52366
170.713530,64.330513,6.02,,55564
176.054850,25.218327,6.02,,57240
186.853485,-63.788986,6.02,,60771
190.391385,62.713039,6.02,,61936
190.455840,-19.759092,6.02,,61951
192.903705,3.056788,6.02,,62757
205.978260,52.064413,6.02,,67005
212.114850,-74.850285,6.02,,69090
218.660430,36.626064,6.02,,71277
228.141660,-72.770599,6.02,,74421
235.655115,-49.489553,6.02,,76935
243.639420,73.394891,6.02,,79601
250.842180,-67.432386,6.02,,81873
250.965405,34.038803,6.02,,81911
251.373645,1.020161,6.02,,82037
277.444830,-14.581987,6.02,,90651
277.762290,-41.913834,6.02,,90759
279.526980,39.668326,6.02,,91373
281.076105,61.048143,6.02,,91915
288.153060,21.554572,6.02,,94382
289.214115,46.999102,6.02,,94755
310.074525,60.505264,6.02,,102011
310.151145,29.805552,6.02,,102033
322.584675,52.957998,6.02,,106171
326.370060,-71.008849,6.02,,107423
330.100980,-55.883486,6.02,,108626
352.862280,-44.843579,6.02,,116097
115.029167,16.938611,6.02,,
11.545035,44.861497,6.03,,3604
16.219320,5.656262,6.03,,5074
23.811975,-58.139475,6.03,,7387
43.079100,-62.909583,6.03,,13387
49.495920,-66.926853,6.03,,15353
51.042210,12.629590,6.03,,15850
52.110690,22.804006,6.03,,16181
75.400140,61.077996,6.03,,23380
78.472230,-52.030755,6.03,,24384
84.363990,-5.938391,6.03,,26427
87.093195,20.869481,6.03,,27421
89.233830,24.249689,6.03,,28154
97.060350,70.535320,6.03,,30794
99.257865,-38.146506,6.03,,31617
103.264740,35.787995,6.03,,33044
103.745490,-2.803588,6.03,,33243
104.304720,57.563287,6.03,,33444
108.008250,-63.190059,6.03,,34780
117.773865,54.129240,6.03,,38325
117.986565,19.325085,6.03,,38394
119.316165,8.641220,6.03,,38868
123.248880,16.514320,6.03,,40231
126.151815,-4.717000,6.03,,41214
131.125050,-65.825429,6.03,,42895
164.060475,42.008155,6.03,,53465
165.086250,42.911724,6.03,,53791
185.945955,42.542743,6.03,,60467
186.312945,23.926202,6.03,,60599
215.834400,-50.772252,6.03,,70325
219.444135,-67.932012,6.03,,71530
226.834860,18.441825,6.03,,74000
243.320715,-53.671171,6.03,,79490
252.112395,-14.909421,6.03,,82259
259.972290,-17.756543,6.03,,84792
268.240020,-35.624314,6.03,,87532
269.676330,36.287797,6.03,,88020
274.401030,-34.107258,6.03,,89637
288.761205,20.203123,6.03,,94598
289.971105,11.534965,6.03,Ome-2 Aql,95002
291.125745,-27.865945,6.03,,95408
293.951265,36.944539,6.03,,96387
299.183925,36.250599,6.03,,98143
307.574850,10.895924,6.03,,101160
339.893040,37.592817,6.03,,111869
343.407780,-48.598286,6.03,Tau-1 Gru,113044
358.660650,-40.300062,6.03,,117880
358.891005,57.412168,6.03,,117957
8.888865,-54.821873,6.04,,2789
12.818265,61.805494,6.04,,3988
18.676635,6.995136,6.04,,5824
19.078830,33.114720,6.04,,5936
30.737655,77.916263,6.04,,9568
41.337105,4.711629,6.04,,12862
71.481090,-39.356619,6.04,,22144
72.185940,3.588526,6.04,,22354
76.227195,-3.039675,6.04,,23643
76.653090,-13.122622,6.04,,23777
83.900580,-78.820839,6.04,Iot Men,26264
85.149615,31.358197,6.04,,26712
86.862045,-10.532958,6.04,,27341
88.167045,33.917462,6.04,,27778
90.251895,27.572362,6.04,,28500
90.304575,-25.417763,6.04,,28520
90.702495,49.905678,6.04,,28637
92.866290,13.638561,6.04,,29371
94.703295,-15.024954,6.04,,29993
101.347350,-23.462432,6.04,,32368
111.333225,-21.982591,6.04,,36017
124.957770,3.948032,6.04,,40818
128.555625,8.452339,6.04,,42049
135.092745,-43.173991,6.04,,44213
137.586915,21.996415,6.04,,45033
137.661660,30.963139,6.04,,45058
140.123640,-37.581688,6.04,,45814
157.952850,-28.237103,6.04,,51551
157.986015,-45.069660,6.04,,51560
159.710055,-12.443618,6.04,,52113
179.795280,-51.696761,6.04,,58453
199.829130,-72.035603,6.04,,64994
206.805855,-9.709455,6.04,,67271
219.580665,-38.794184,6.04,,71581
233.972370,11.265656,6.04,,76372
239.028495,-39.864364,6.04,,78046
239.768280,49.881043,6.04,,78286
245.017815,21.132610,6.04,,80021
254.839740,56.688594,6.04,,83138
262.954575,-46.036783,6.04,,85788
264.153090,30.785179,6.04,,86178
273.270075,38.773493,6.04,,89279
280.900440,36.556605,6.04,Xihe,91852
281.297970,-61.095196,6.04,,92008
282.431985,-72.995722,6.04,,92394
285.230010,33.802158,6.04,,93354
295.964385,34.162724,6.04,,97087
297.298335,-28.788972,6.04,,97515
297.754800,-65.605087,6.04,,97674
313.919490,4.532723,6.04,,103301
315.438660,-26.880993,6.04,,103777
333.107325,-14.193957,6.04,,109624
335.752125,62.419357,6.04,,110498
343.664715,-70.073709,6.04,Rho Ind,113137
350.209005,-50.306559,6.04,,115272
7.052925,16.445065,6.05,,2224
7.083540,10.189848,6.05,,2235
10.678710,-38.463483,6.05,Lam-1 Scl,3356
26.944365,-80.176311,6.05,Tau-2 Hyi,8366
32.355930,81.295945,6.05,,10054
33.510330,47.484241,6.05,,10403
33.621255,66.524428,6.05,,10438
43.133850,-12.769714,6.05,,13402
44.138760,47.164006,6.05,,13713
46.158615,1.863604,6.05,,14315
57.479460,22.244151,6.05,,17921
59.265870,23.175550,6.05,,18485
59.678700,-57.102360,6.05,,18592
63.436710,72.126147,6.05,,19730
69.590580,-77.656003,6.05,,21611
75.582480,74.269368,6.05,,23442
80.320260,-34.345051,6.05,,25007
85.756950,56.581522,6.05,,26942
94.264965,-22.715229,6.05,,29843
95.514810,59.372099,6.05,,30272
96.387240,23.327169,6.05,,30570
96.797400,-25.856496,6.05,,30711
99.350175,6.135382,6.05,,31646
99.900930,-23.695662,6.05,,31859
103.391340,-28.539794,6.05,,33094
112.341105,-14.998657,6.05,,36395
115.681500,34.000218,6.05,,37580
117.918165,-42.888202,6.05,,38370
119.631135,16.518680,6.05,,38975
119.896065,13.242166,6.05,,39067
126.605085,-52.807500,6.05,,41373
127.153260,24.144934,6.05,,41574
130.801215,-79.070082,6.05,,42794
137.920560,-39.258845,6.05,,45127
140.997240,-51.737080,6.05,,46093
141.067845,-39.425502,6.05,,46114
141.683940,-64.929701,6.05,,46328
147.166770,-56.411890,6.05,,48119
149.531790,8.313979,6.05,,48876
153.457110,27.135819,6.05,,50109
157.183170,-3.742385,6.05,,51302
162.473865,27.973948,6.05,,52959
170.824800,0.132050,6.05,,55595
173.311755,-16.280381,6.05,,56364
175.979670,-6.677162,6.05,,57214
177.311610,16.242882,6.05,,57646
178.547940,-57.410198,6.05,,58041
180.586020,-85.631757,6.05,,58697
183.195945,-70.151787,6.05,,59551
184.263885,-16.693736,6.05,,59895
187.080375,-64.340989,6.05,,60851
187.839240,7.604309,6.05,,61103
197.743515,-52.566897,6.05,,64320
208.569390,-28.569590,6.05,,67890
221.806875,-21.324871,6.05,,72310
229.043595,-43.484997,6.05,,74716
234.675735,-39.127734,6.05,,76608
237.210075,-52.438256,6.05,,77454
249.506475,-6.538014,6.05,,81440
250.948320,-38.156346,6.05,,81904
254.717745,-37.620508,6.05,,83100
255.243525,-86.364297,6.05,,83255
262.934895,-26.269709,6.05,,85783
264.989670,31.202470,6.05,,86462
268.205100,-34.114833,6.05,,87516
268.783455,-36.475645,6.05,,87722
273.878190,-18.661577,6.05,,89470
286.878510,-28.636800,6.05,,93925
304.930275,-1.078514,6.05,,100232
316.727445,38.742055,6.05,,104217
318.777585,-17.345138,6.05,,104914
320.341410,32.612733,6.05,,105432
9.028590,-22.842333,6.06,,2852
10.400145,24.629008,6.06,,3269
11.131605,-62.497591,6.06,,3489
15.954285,1.366846,6.06,,4979
44.509710,38.614926,6.06,,13832
46.337565,40.582181,6.06,,14365
56.026785,48.523656,6.06,,17437
63.757485,57.460361,6.06,,19823
66.587925,8.590269,6.06,,20715
68.342025,-10.785333,6.06,,21239
72.567420,-41.320848,6.06,,22488
73.713495,44.060861,6.06,,22842
109.758000,-19.280304,6.06,,35442
114.751350,-53.273357,6.06,,37248
116.371380,-14.690537,6.06,,37843
117.759825,33.233653,6.06,,38319
149.427495,-48.414075,6.06,,48835
155.751870,6.542643,6.06,,50851
165.169965,-31.839368,6.06,,53818
169.329285,-67.823515,6.06,,55140
184.276425,-65.692958,6.06,,59898
190.707405,-55.947001,6.06,,62026
199.187445,-65.138259,6.06,,64790
200.719215,-72.146712,6.06,,65289
217.404405,-76.729083,6.06,,70874
217.456965,31.791188,6.06,,70892
219.795405,-46.584480,6.06,,71639
221.298780,-1.417529,6.06,,72122
224.128605,-32.636784,6.06,,73107
243.722625,-25.476976,6.06,,79622
246.708645,2.347944,6.06,,80558
253.759005,25.730681,6.06,,82780
255.991845,13.567420,6.06,,83504
257.056875,-1.079476,6.06,,83853
274.253835,-51.068271,6.06,,89597
281.554200,41.441810,6.06,,92098
281.989050,31.756835,6.06,,92243
290.417730,79.602830,6.06,,95167
292.751190,70.989339,6.06,,95978
298.397520,59.708660,6.06,,97892
312.994830,-33.177974,6.06,Bet Mic,102989
314.294070,0.463779,6.06,,103414
325.637325,10.824314,6.06,,107173
329.682465,-21.182945,6.06,,108494
340.679475,-44.248036,6.06,,112127
356.104770,-70.490226,6.06,,117105
1.653135,29.021502,6.07,,544
4.571865,11.206214,6.07,,1465
13.367595,37.418209,6.07,,4185
17.547675,15.673912,6.07,,5483
20.945055,78.726056,6.07,,6522
28.943640,-60.860975,6.07,,8983
32.190255,-17.779155,6.07,,9999
39.179310,31.607667,6.07,,12160
40.451355,-3.213807,6.07,,12584
48.735735,42.503637,6.07,,15118
51.108825,20.803489,6.07,,15870
62.064180,37.727493,6.07,,19302
93.438930,51.172469,6.07,,29569
93.917400,6.066166,6.07,,29728
101.756175,-21.015402,6.07,,32504
107.964090,5.654703,6.07,,34768
117.257655,13.371869,6.07,,38147
123.545985,-32.140711,6.07,,40341
126.573885,-39.058956,6.07,,41361
131.455350,-25.388088,6.07,,43002
133.873365,-7.971153,6.07,,43822
135.453510,27.902593,6.07,,44342
152.897805,-58.827762,6.07,,49926
153.254820,-59.918088,6.07,,50044
157.610940,64.257689,6.07,,51448
166.622055,-58.675021,6.07,,54294
167.416110,67.210208,6.07,,54540
182.640870,-37.870349,6.07,,59353
187.517670,58.767773,6.07,,60992
202.815780,42.106153,6.07,,65951
212.628780,-70.305464,6.07,,69241
212.757975,-69.719318,6.07,,69298
218.290200,-30.715068,6.07,,71154
221.802450,-52.205256,6.07,,72308
228.329955,-19.647572,6.07,Iot-2 Lib,74493
231.021330,45.271031,6.07,,75369
238.300410,13.196623,6.07,,77801
240.664245,-29.135800,6.07,,78575
240.940380,4.986834,6.07,,78685
247.845225,-26.537643,6.07,,80910
250.252440,24.858705,6.07,,81670
250.400760,-24.467962,6.07,,81728
251.299155,43.217169,6.07,,82012
251.790645,2.064526,6.07,,82162
253.541925,-41.825040,6.07,,82691
255.923685,-47.160571,6.07,,83481
272.768355,-47.513121,6.07,,89096
276.959670,3.748570,6.07,,90487
279.055245,65.488717,6.07,,91196
286.242855,30.733396,6.07,,93720
301.383240,-67.320897,6.07,,98959
309.888810,40.579658,6.07,,101949
315.215685,-17.530898,6.07,,103703
317.630475,10.048922,6.07,,104538
318.360105,36.633263,6.07,,104765
320.675220,30.309882,6.07,,105558
324.867120,-10.576896,6.07,,106938
325.392750,40.805222,6.07,,107097
342.184365,62.938410,6.07,,112635
352.664820,38.662253,6.07,,116030
354.866415,-46.637799,6.07,The Phe,116737
6.123540,-2.219064,6.08,,1939
13.993800,27.209381,6.08,,4366
47.828235,-3.811595,6.08,,14819
64.666695,-52.860097,6.08,,20109
65.380470,-25.728580,6.08,,20347
76.550580,59.021340,6.08,,23743
78.381480,1.967684,6.08,,24349
81.902085,-21.375713,6.08,,25532
84.218400,40.182375,6.08,,26363
90.824730,42.911564,6.08,,28677
92.806905,-26.482100,6.08,,29347
98.096970,11.673520,6.08,,31168
122.819160,9.821230,6.08,,40085
126.270360,35.011409,6.08,,41262
135.380775,5.640986,6.08,,44315
147.998055,-16.534775,6.08,,48396
154.037490,-11.203419,6.08,,50292
159.816360,-74.493384,6.08,,52150
163.754220,-42.251098,6.08,,53379
182.771580,-61.277425,6.08,,59396
210.864480,-41.423345,6.08,,68673
224.719935,-4.989256,6.08,,73309
250.213920,12.395043,6.08,,81659
255.973275,34.790222,6.08,,83494
258.555870,-56.888526,6.08,,84311
259.178115,-6.244975,6.08,,84524
265.049760,-2.152301,6.08,,86476
269.423685,-76.177949,6.08,,87926
282.842325,-3.317857,6.08,,92524
286.988835,16.853385,6.08,,93966
292.543890,2.904073,6.08,,95898
295.405215,-65.854414,6.08,,96882
295.789980,30.677891,6.08,,97028
306.449775,-40.796184,6.08,,100764
309.794370,21.817444,6.08,,101919
321.611085,19.375640,6.08,,105860
332.071830,25.543522,6.08,,109276
350.736360,-60.055843,6.08,,115433
356.005170,-45.083123,6.08,,117075
356.887710,46.832564,6.08,,117340
1.223595,34.659797,6.09,,394
16.403685,-9.979323,6.09,,5121
28.346460,-38.594632,6.09,,8820
29.857860,12.294876,6.09,,9295
29.921250,-66.066558,6.09,,9318
32.720130,39.039526,6.09,,10176
37.397325,9.565629,6.09,,11603
40.535175,-46.524441,6.09,,12611
51.489060,49.120757,6.09,,15988
56.117505,20.928737,6.09,,17453
56.883900,55.921960,6.09,,17707
59.257155,6.039967,6.09,,18481
63.130635,17.277460,6.09,,19641
64.656210,-22.969722,6.09,,20106
68.353755,43.063893,6.09,,21242
68.559135,-6.837809,6.09,,21298
71.054235,40.786454,6.09,,22034
72.433680,15.904221,6.09,,22441
74.943060,53.155451,6.09,,23216
80.907105,16.699298,6.09,,25216
81.231570,-44.225684,6.09,,25317
86.257470,4.008111,6.09,,27118
90.853200,11.681065,6.09,,28686
93.858945,-9.035757,6.09,,29705
94.079355,23.970027,6.09,,29789
99.772080,22.030881,6.09,,31813
106.196040,-22.031688,6.09,,34142
106.509435,-38.382854,6.09,,34253
106.718655,-24.960572,6.09,,34318
115.206435,57.082865,6.09,,37406
119.240940,-42.406475,6.09,,38845
120.628395,63.090306,6.09,,39340
132.020325,-6.558839,6.09,,43204
146.825490,79.136680,6.09,,48017
150.920775,-9.573792,6.09,,49293
158.355810,-58.190149,6.09,,51676
158.793435,-43.664587,6.09,,51816
166.391640,-11.088901,6.09,,54214
172.076865,-72.473977,6.09,,55979
174.639675,46.834209,6.09,,56789
186.326715,-27.749002,6.09,,60603
202.283115,-64.675794,6.09,,65783
210.136860,-78.589981,6.09,,68431
213.415965,-54.625627,6.09,,69491
223.677450,-65.991095,6.09,Zet Cir,72965
228.281940,-36.091425,6.09,,74479
242.869740,16.665692,6.09,,79332
243.964560,-14.849115,6.09,,79692
247.438425,-57.756323,6.09,,80788
259.090065,-35.750297,6.09,,84489
261.476520,16.917578,6.09,,85302
263.832945,-53.352928,6.09,,86064
264.535170,-42.880274,6.09,,86311
267.158625,-55.401742,6.09,,87174
267.796005,-53.130269,6.09,,87379
267.935655,-45.600706,6.09,,87404
268.848495,55.971394,6.09,,87744
272.536365,16.476590,6.09,,89023
284.588685,-31.035975,6.09,,93134
289.750410,-15.536570,6.09,,94929
290.638965,33.518163,6.09,,95235
292.638015,3.444403,6.09,,95929
303.612225,-63.415789,6.09,,99762
305.193945,-14.784892,6.09,,100325
305.655450,31.264966,6.09,,100486
307.194735,-35.595863,6.09,,101017
308.965365,-69.610586,6.09,,101626
321.325095,-71.799061,6.09,,105768
343.964730,-31.633231,6.09,,113234
357.135330,-6.380426,6.09,,117420
358.819110,-31.921467,6.09,,117931
326.032635,28.743078,6.09,Mu-2 Cyg,
4.675680,43.791141,6.10,,1501
14.415180,45.839379,6.10,,4501
29.249415,-51.766244,6.10,,9085
46.417335,56.068965,6.10,,14392
56.170455,46.099813,6.10,,17475
66.774810,-46.947505,6.10,,20781
74.083695,36.168537,6.10,,22955
76.165245,74.066955,6.10,,23617
76.348815,1.177627,6.10,,23680
80.592285,-56.134401,6.10,Kap Pic,25098
84.011865,-47.313746,6.10,,26300
84.066480,47.715290,6.10,,26315
84.286545,-11.775515,6.10,,26395
101.231940,-70.433758,6.10,,32332
103.255875,38.869157,6.10,,33041
106.776960,4.910582,6.10,,34338
108.017055,-30.821365,6.10,,34782
116.397990,-56.722570,6.10,,37854
131.229795,-21.167826,6.10,,42928
132.458895,-72.551240,6.10,,43351
136.641810,-55.802411,6.10,,44708
138.108510,-7.109827,6.10,,45184
147.458730,21.179422,6.10,,48218
157.008705,-49.405801,6.10,,51245
158.740440,-23.176248,6.10,,51795
159.709650,-42.753443,6.10,,52112
170.596335,-44.645924,6.10,,55528
175.970130,-62.878280,6.10,,57211
186.285615,-42.514312,6.10,,60591
198.301710,18.727008,6.10,,64496
200.974695,37.033920,6.10,,65376
202.607190,-6.470265,6.10,,65892
208.076685,12.165135,6.10,,67714
213.755235,-29.281904,6.10,,69623
215.661315,-48.319857,6.10,,70270
217.692480,63.185788,6.10,,70952
221.231325,-58.477492,6.10,,72097
221.295675,-55.601640,6.10,,72121
224.863320,-43.159833,6.10,,73354
232.113375,-51.597934,6.10,,75742
233.888475,17.655555,6.10,Tau-3 Ser,76337
239.975610,-54.020911,6.10,,78355
241.074255,-33.213718,6.10,,78726
252.750150,-37.514512,6.10,,82453
268.613010,-34.466722,6.10,,87671
274.023210,2.377517,6.10,,89527
278.806275,34.458021,6.10,,91119
280.235010,62.749466,6.10,,91606
282.902160,36.539092,6.10,,92551
294.937170,33.978938,6.10,,96724
298.841895,58.250193,6.10,,98044
306.427185,-2.800378,6.10,,100758
307.767945,-15.056168,6.10,,101221
314.998665,-36.129641,6.10,,103646
315.770145,38.657415,6.10,,103894
321.564330,-54.660459,6.10,Gam Ind,105841
322.790115,12.137475,6.10,,106243
324.203295,-33.047896,6.10,,106703
325.661700,49.600257,6.10,,107186
325.689045,59.270844,6.10,,107197
327.122310,38.648575,6.10,,107664
332.759895,-21.232790,6.10,,109509
333.895980,-44.451499,6.10,,109902
353.481210,20.840934,6.10,,116307
336.121815,-72.256978,6.10,,
1.152450,42.092530,6.11,,365
2.139570,-17.578155,6.11,,696
4.429425,51.433090,6.11,,1415
8.346945,-71.266246,6.11,The Tuc,2629
11.806770,19.578702,6.11,,3685
13.981395,-27.775839,6.11,,4363
19.271085,44.901992,6.11,,5993
23.413515,-78.504820,6.11,,7271
23.711625,-31.892317,6.11,,7361
37.147650,-31.102445,6.11,,11524
45.049545,38.131740,6.11,,13997
45.211995,-2.878618,6.11,,14040
47.613525,-48.734156,6.11,,14749
47.841330,13.047845,6.11,,14821
55.192950,25.329492,6.11,,17181
65.104605,18.742608,6.11,,20255
66.737205,-24.081323,6.11,,20765
69.946755,-1.052459,6.11,,21718
72.930765,9.975078,6.11,,22597
73.720755,-58.547652,6.11,,22844
73.728390,-39.628607,6.11,,22847
75.827655,41.441646,6.11,,23511
77.513595,-0.565323,6.11,,24041
84.330465,8.951875,6.11,,26414
88.671330,-49.627010,6.11,,27937
95.899665,-9.874727,6.11,,30407
99.419970,-12.985116,6.11,,31674
102.504210,-60.249146,6.11,,32775
113.553465,-33.463430,6.11,,36807
117.523620,-19.523548,6.11,,38246
123.494580,-36.340777,6.11,,40324
125.281845,-64.106002,6.11,,40926
125.980050,10.632063,6.11,,41163
126.457845,17.046267,6.11,,41319
128.174355,-73.356790,6.11,,41907
143.172480,1.864151,6.11,,46840
149.776275,-23.950770,6.11,,48943
150.835785,-46.636191,6.11,,49259
166.267170,-49.392299,6.11,,54185
168.126555,-18.499862,6.11,Psi Crt,54742
169.242405,-7.134689,6.11,,55106
183.793995,-10.312400,6.11,,59750
188.726910,-67.756894,6.11,,61404
191.806845,11.958088,6.11,,62394
193.296495,-3.553098,6.11,,62875
194.282490,46.176789,6.11,,63211
203.200875,24.346743,6.11,,66086
204.690810,-70.444829,6.11,,66574
208.004085,-31.619207,6.11,,67696
230.932125,-1.022384,6.11,,75342
237.567930,-45.401714,6.11,,77574
239.139060,-14.829438,6.11,,78078
245.135910,-39.430344,6.11,,80066
246.547440,11.407493,6.11,,80514
255.565680,64.600739,6.11,,83359
256.207335,48.803958,6.11,,83575
263.998200,20.996242,6.11,,86118
270.014160,80.000841,6.11,,88127
285.719250,19.661011,6.11,,93523
287.450610,-19.803657,6.11,,94144
292.725195,-21.312237,6.11,,95965
297.012600,-13.703616,6.11,,97423
300.110340,-43.043302,6.11,,98485
304.082445,21.598700,6.11,,99913
308.548740,-13.721091,6.11,,101507
320.139480,60.756405,6.11,,105370
321.855375,59.750075,6.11,,105949
325.534815,45.765697,6.11,,107140
332.170125,45.742254,6.11,,109303
333.219735,73.307193,6.11,,109659
339.032925,35.577504,6.11,,111567
343.747860,1.064904,6.11,,113167
347.098320,-79.480689,6.11,,114258
4.089675,43.595049,6.12,,1302
4.141830,8.240154,6.12,,1319
15.507570,-57.002389,6.12,Ome Phe,4829
16.532115,-23.992451,6.12,,5170
30.793710,73.850570,6.12,,9586
32.605095,-50.823725,6.12,,10138
46.954065,-69.264920,6.12,,14547
52.556595,-41.369937,6.12,,16310
54.998205,-1.121226,6.12,,17120
61.170420,-20.381864,6.12,,19037
68.752950,-19.921384,6.12,,21363
79.811220,20.134596,6.12,,24820
91.535625,35.387740,6.12,,28908
94.523370,14.382859,6.12,,29931
96.085740,-12.961939,6.12,,30468
108.401880,-27.356360,6.12,,34924
120.346020,-54.515530,6.12,,39225
121.172580,-19.728148,6.12,,39524
125.070915,-5.329930,6.12,,40859
125.113950,-22.924680,6.12,,40876
129.842160,-36.606685,6.12,,42455
131.339265,30.697752,6.12,,42954
133.128180,-13.232942,6.12,,43580
140.247420,38.188262,6.12,,45858
141.687090,-28.787696,6.12,,46329
142.982130,-10.370341,6.12,,46768
143.258220,-8.505374,6.12,,46869
145.678095,35.093371,6.12,,47631
155.553915,-19.866571,6.12,,50790
163.354005,-2.255209,6.12,,53240
165.810585,-0.752344,6.12,,54027
168.236355,-49.736090,6.12,,54783
172.962480,81.127257,6.12,,56253
205.938180,22.700423,6.12,,66992
210.329430,-40.221943,6.12,,68493
223.994160,32.300063,6.12,,73068
228.542940,42.171409,6.12,,74571
234.703560,34.675039,6.12,,76617
240.277020,-54.577899,6.12,,78469
252.974520,-65.375457,6.12,,82517
257.917785,49.746357,6.12,,84108
258.104430,-27.762124,6.12,,84175
264.741060,13.329262,6.12,,86373
274.278525,40.936727,6.12,,89604
282.067005,48.767556,6.12,,92269
283.154355,-29.379676,6.12,,92643
288.192180,-50.486420,6.12,,94398
297.364590,38.710149,6.12,,97538
297.796245,-2.460990,6.12,,97687
301.922670,34.422905,6.12,,99145
307.103775,-3.357794,6.12,,100977
318.339975,81.230972,6.12,,104756
319.258485,53.997693,6.12,,105064
321.616890,1.103359,6.12,,105864
336.462750,-75.015689,6.12,,110712
340.592025,-29.361046,6.12,,112102
344.898645,-13.070895,6.12,,113531
346.791885,52.816601,6.12,,114162
348.526080,-62.700004,6.12,,114699
350.939250,-43.124429,6.12,,115496
12.576045,45.002258,6.13,,3919
18.141975,45.337531,6.13,,5650
21.943920,-10.901582,6.13,,6822
46.856970,17.879995,6.13,,14514
55.946700,19.665032,6.13,,17408
67.333635,-46.515270,6.13,,20934
79.866060,58.117365,6.13,,24836
80.963880,-0.866622,6.13,,25240
88.555620,10.586403,6.13,,27900
103.341000,-18.932844,6.13,,33079
120.120675,-48.871768,6.13,,39153
125.695200,-13.054793,6.13,,41067
131.255340,5.680588,6.13,,42931
134.154330,4.236581,6.13,,43902
138.051210,-76.663028,6.13,,45166
142.912455,-10.552013,6.13,,46744
149.295600,-52.638783,6.13,,48799
156.541050,-42.738494,6.13,,51077
171.091905,-42.669102,6.13,,55667
177.581685,-15.863667,6.13,,57732
178.978170,-39.689517,6.13,,58177
219.100470,-39.597407,6.13,,71429
220.091145,21.975868,6.13,,71729
226.613085,-22.031830,6.13,,73927
242.194290,17.205638,6.13,,79102
263.926530,37.301594,6.13,,86096
267.199470,19.255017,6.13,,87192
272.125455,-45.767015,6.13,,88859
272.730615,-33.800070,6.13,,89086
276.381795,-63.021534,6.13,,90304
280.650495,-7.073654,6.13,,91751
291.089460,-43.722063,6.13,,95396
294.108645,-18.852921,6.13,,96440
297.695295,37.826324,6.13,,97651
298.068390,36.432295,6.13,,97789
303.428385,43.379013,6.13,,99685
304.824150,-47.580289,6.13,,100184
307.380585,-22.391567,6.13,,101090
316.597815,26.924362,6.13,,104172
318.944925,-36.210709,6.13,,104980
329.625315,-59.012140,6.13,Kap-1 Ind,108478
332.979555,-76.116023,6.13,,109584
333.457125,63.162337,6.13,,109746
346.865520,32.825345,6.13,,114187
348.667380,-10.688715,6.13,,114750
350.977050,-53.808740,6.13,,115510
358.097475,21.671099,6.13,,117710
86.108850,-22.420198,6.13,,
139.327200,-68.689446,6.13,,
3.434910,-26.284959,6.14,,1099
10.136565,-23.804876,6.14,,3185
14.957025,6.483225,6.14,,4655
16.640115,12.956039,6.14,,5204
27.583950,-47.816392,6.14,,8552
36.780165,27.012395,6.14,,11415
37.660065,19.855301,6.14,,11678
42.462360,-24.560311,6.14,Gam-1 For,13197
44.697090,-9.776506,6.14,,13883
44.777055,-28.907213,6.14,,13907
49.149030,-9.154676,6.14,,15244
50.106555,25.662739,6.14,,15557
51.009540,-69.624606,6.14,,15840
52.545585,59.365947,6.14,,16303
53.534895,17.832828,6.14,,16641
59.016420,-63.463718,6.14,,18401
61.661775,65.520798,6.14,,19177
63.213525,22.413458,6.14,,19672
67.015155,1.858605,6.14,,20848
74.747550,14.543240,6.14,,23161
76.060680,30.494588,6.14,,23583
88.071900,58.964088,6.14,,27731
89.949780,54.547009,6.14,,28390
99.469605,4.956670,6.14,,31697
99.585240,-2.543897,6.14,,31733
111.197325,-37.291193,6.14,,35960
117.035610,-40.652378,6.14,,38074
118.666320,-34.846713,6.14,,38635
119.303160,-63.296835,6.14,,38863
125.625690,-6.179158,6.14,,41036
133.482015,35.538294,6.14,,43685
138.053670,3.866978,6.14,,45167
139.465260,-67.050868,6.14,,45615
140.182395,51.266066,6.14,,45836
142.351845,-2.205172,6.14,,46529
150.892200,-61.884040,6.14,,49281
152.382615,-35.856771,6.14,,49769
174.470925,50.618211,6.14,,56731
181.415565,62.933120,6.14,,58989
192.991260,-26.738275,6.14,,62788
203.022540,-38.398844,6.14,,66019
209.083230,-54.132420,6.14,,68080
209.365530,-23.022630,6.14,,68177
212.813010,32.295892,6.14,,69316
230.173635,44.434376,6.14,,75093
230.255730,-15.548342,6.14,Omi Lib,75118
238.719315,-60.743651,6.14,,77927
243.849840,-42.899422,6.14,,79661
243.947190,27.422081,6.14,,79686
246.342255,-63.125217,6.14,,80455
250.975335,-41.113344,6.14,,81914
261.261120,-34.696055,6.14,,85237
267.701595,22.316330,6.14,,87341
268.331580,-34.730812,6.14,,87567
271.155660,1.918992,6.14,,88522
273.319020,21.880332,6.14,,89298
275.368335,5.435726,6.14,,89977
276.340320,-35.992025,6.14,,90290
284.106690,2.471190,6.14,,92968
284.603460,-22.529493,6.14,,93140
292.469160,-55.441754,6.14,,95866
295.906740,-37.538765,6.14,,97067
296.463975,35.012751,6.14,,97242
296.861805,47.907564,6.14,,97372
298.667505,7.140353,6.14,,97970
299.813925,52.055691,6.14,,98379
301.278105,51.839398,6.14,,98915
306.156240,1.068406,6.14,,100664
307.943790,56.779858,6.14,,101285
317.117250,6.989358,6.14,,104357
322.219710,55.418702,6.14,,106052
328.490700,6.864804,6.14,,108090
334.156095,-25.898162,6.14,,109990
340.586715,53.908748,6.14,,112098
342.199545,54.414892,6.14,,112641
343.041645,-63.188667,6.14,,112924
7.466220,-14.864109,6.15,,2337
11.249385,-53.714895,6.15,,3527
11.350530,-4.629160,6.15,,3552
11.369535,-12.880810,6.15,,3559
13.573305,-8.740662,6.15,,4257
22.716900,66.098087,6.15,,7050
28.959630,-78.348548,6.15,Sig Hyi,8991
41.044095,-52.570597,6.15,,12775
44.269065,4.501030,6.15,,13756
48.039810,42.375905,6.15,,14887
49.018545,45.346133,6.15,,15209
65.161005,-6.245995,6.15,,20263
65.219655,13.864427,6.15,,20284
74.436180,-14.231920,6.15,,23060
76.909635,9.471780,6.15,,23852
78.797460,59.405687,6.15,,24479
78.827085,-1.409040,6.15,,24493
79.578735,33.767348,6.15,,24740
83.158245,0.011933,6.15,,25976
84.312780,64.154690,6.15,,26408
84.318765,-27.871362,6.15,Nu-1 Col,26412
85.560315,-17.530376,6.15,,26866
89.754495,-9.382223,6.15,,28321
91.671030,-42.298804,6.15,Pi-1 Col,28957
91.861485,41.854282,6.15,,29025
92.755065,-6.754221,6.15,,29323
97.794360,-61.879545,6.15,,31068
99.501645,-61.533387,6.15,,31711
106.383435,-34.777700,6.15,,34200
108.031215,5.474347,6.15,,34789
121.437015,-33.569435,6.15,,39617
123.995100,-35.903191,6.15,,40485
125.350770,-39.620714,6.15,,40947
137.181390,-26.767598,6.15,,44887
142.317465,-38.403542,6.15,,46517
145.864965,-51.228136,6.15,,47694
156.752025,19.364538,6.15,,51161
162.238485,29.416057,6.15,,52882
165.034590,-51.817800,6.15,,53771
173.097030,-26.746805,6.15,,56293
177.255345,-0.318670,6.15,,57629
184.446960,-36.093979,6.15,,59950
187.140435,-56.407816,6.15,,60870
196.595295,62.041868,6.15,,63952
214.125690,-3.196305,6.15,,69747
221.335755,18.884956,6.15,,72139
222.097290,24.366876,6.15,,72412
222.225390,-0.847655,6.15,,72449
222.278265,37.811179,6.15,,72469
232.184985,47.201514,6.15,,75770
236.175555,17.264226,6.15,Tau-8 Ser,77111
238.625460,-27.338639,6.15,,77900
241.842405,21.822615,6.15,,78985
254.358330,-10.963373,6.15,,82979
256.618200,-35.451046,6.15,,83706
263.381685,57.558721,6.15,,85923
275.500575,-28.429962,6.15,,90012
276.238365,-1.579413,6.15,,90253
286.718730,-37.810658,6.15,,93858
299.619735,63.534135,6.15,,98308
306.228390,-83.310616,6.15,,100697
319.730535,41.040518,6.15,,105229
320.039520,-45.021893,6.15,,105334
337.826295,-6.555151,6.15,,111170
337.826745,-2.911276,6.15,,111171
338.859975,-78.771585,6.15,,111504
344.645865,-35.523231,6.15,,113447
346.303560,-17.079250,6.15,,113998
349.583355,-67.471177,6.15,,115062
6.655890,-0.049533,6.16,,2100
20.115870,-11.238999,6.16,,6272
36.965700,50.569974,6.16,,11465
65.041455,31.953174,6.16,,20231
78.684465,53.213949,6.16,,24451
84.472440,-4.814034,6.16,,26477
87.869220,-22.926947,6.16,,27670
92.401050,-5.711429,6.16,,29210
96.643515,-4.597400,6.16,,30660
97.078395,10.303893,6.16,,30804
97.645350,-13.148172,6.16,,31024
100.309050,-40.349847,6.16,,32007
102.265230,1.002065,6.16,,32682
103.811070,43.910031,6.16,,33269
114.975375,32.009727,6.16,,37339
115.348035,-22.336721,6.16,,37465
116.054460,-69.821593,6.16,,37720
117.730155,-11.128602,6.16,,38307
119.099610,4.485567,6.16,,38794
129.927615,73.629678,6.16,,42484
136.749750,1.462694,6.16,,44738
140.363250,32.902151,6.16,,45896
153.095595,-52.163242,6.16,,49994
153.819360,-54.974207,6.16,,50232
155.459595,14.975773,6.16,,50755
164.315835,-75.099761,6.16,,53546
164.808450,-61.320739,6.16,,53701
166.000995,-57.955331,6.16,,54082
176.779350,-35.906862,6.16,,57497
180.371760,-57.503777,6.16,,58642
182.510640,-34.704742,6.16,,59307
185.074005,26.001875,6.16,,60168
191.258595,-68.830751,6.16,,62212
198.490470,-43.139107,6.16,,64557
205.553175,8.388394,6.16,,66860
208.958325,14.056503,6.16,,68030
210.749025,50.971809,6.16,,68637
226.918020,5.498035,6.16,,74026
227.222970,13.235242,6.16,,74121
230.223660,-18.158658,6.16,,75110
241.850355,-56.190956,6.16,,78989
249.719610,-60.990402,6.16,,81507
252.679785,32.553668,6.16,,82426
255.320625,60.648754,6.16,,83289
263.102625,-34.279405,6.16,,85839
266.142060,2.579441,6.16,,86831
276.038295,83.175400,6.16,,90182
298.014345,11.628329,6.16,,97767
299.079330,56.687017,6.16,,98111
301.119975,48.229664,6.16,,98858
305.718195,14.551098,6.16,,100511
324.411705,54.042192,6.16,,106771
325.180440,54.872149,6.16,,107041
331.318785,46.744836,6.16,,109033
334.140225,-1.596389,6.16,,109984
336.860415,39.810026,6.16,,110849
346.575555,18.517765,6.16,,114081
3.742725,-34.904223,6.17,,1195
21.166380,-15.660468,6.17,,6589
21.202830,-2.848590,6.17,,6605
22.912530,-45.575712,6.17,,7115
35.172960,47.310804,6.17,,10924
36.141000,-40.840458,6.17,,11231
37.636635,-22.545318,6.17,,11671
38.767230,7.470993,6.17,,12022
44.102715,64.332442,6.17,,13700
48.408105,-29.804129,6.17,,15024
49.003560,-5.918705,6.17,,15203
57.431370,23.711855,6.17,,17900
78.261765,61.850040,6.17,,24313
81.726330,35.457272,6.17,,25476
86.035230,61.476536,6.17,,27046
90.334080,85.182113,6.17,,28532
97.311720,2.646194,6.17,,30906
97.789845,11.251375,6.17,,31066
99.418020,2.704158,6.17,,31672
106.415865,52.758558,6.17,,34217
110.867250,22.945349,6.17,,35842
115.772580,0.189333,6.17,,37614
117.697485,3.277253,6.17,,38300
132.590160,-28.617619,6.17,,43394
134.284500,17.143751,6.17,,43957
153.836985,-36.517717,6.17,,50234
164.070225,22.351682,6.17,,53472
174.959730,-16.620229,6.17,,56899
178.361745,-35.066645,6.17,,57971
198.789435,-36.371410,6.17,,64651
200.785965,-33.189878,6.17,,65311
202.195050,-69.627152,6.17,,65755
208.467090,-35.314361,6.17,,67851
224.652255,-39.907172,6.17,,73279
249.229125,63.072824,6.17,,81358
250.210200,-60.446442,6.17,,81657
255.417030,75.297497,6.17,,83317
259.059420,2.186202,6.17,,84479
261.276000,-24.243683,6.17,,85242
261.734805,-51.948819,6.17,,85393
268.264740,-10.899562,6.17,,87540
274.917090,-63.886562,6.17,,89805
283.249575,-46.586329,6.17,,92669
283.259805,-48.360913,6.17,,92676
295.171455,43.077824,6.17,,96805
299.844345,1.377696,6.17,,98385
305.085510,14.569257,6.17,,100274
310.665375,60.601316,6.17,,102216
314.628960,41.939925,6.17,,103532
319.346595,42.683572,6.17,,105101
322.864425,52.619856,6.17,,106267
323.614425,51.698465,6.17,,106518
324.734145,-79.442583,6.17,,106881
326.909325,-5.916802,6.17,,107596
328.835820,61.541810,6.17,,108209
329.058525,-57.899591,6.17,Pi Ind,108281
331.856610,53.307438,6.17,,109205
334.249305,-23.140247,6.17,,110018
344.419740,39.308777,6.17,,113371
344.564760,-2.395385,6.17,,113421
350.170365,-5.907975,6.17,,115257
117.941220,-13.896051,6.17,,
0.128895,59.559679,6.18,,43
2.050395,-2.447711,6.18,,664
2.996115,48.152396,6.18,,967
7.615935,-40.939586,6.18,,2388
7.726650,77.019404,6.18,,2422
7.855050,66.519617,6.18,,2474
9.279960,24.014136,6.18,,2926
10.629270,58.753411,6.18,,3334
21.398655,23.511519,6.18,,6669
24.186600,-58.270966,6.18,,7506
26.074755,57.536617,6.18,,8115
26.819580,-41.759926,6.18,,8320
46.961850,-27.831151,6.18,,14551
54.857295,16.536685,6.18,,17058
57.075315,50.736767,6.18,,17772
59.158050,-9.750844,6.18,,18455
65.741370,59.616182,6.18,,20456
67.660035,32.457768,6.18,,21038
70.807320,24.088920,6.18,,21961
71.607285,-28.087444,6.18,,22192
81.445905,0.520244,6.18,,25378
81.713670,33.262258,6.18,,25475
81.807900,15.257630,6.18,,25502
82.558035,-84.785104,6.18,,25776
85.548255,-30.535442,6.18,,26862
86.782515,-16.238079,6.18,,27308
87.269445,62.808190,6.18,,27472
90.291855,31.034517,6.18,,28517
92.932155,-4.665440,6.18,,29401
98.359560,-52.329234,6.18,,31265
100.777560,3.033801,6.18,,32177
114.800025,24.222528,6.18,,37269
117.140160,23.140980,6.18,,38106
121.334610,-46.978411,6.18,,39584
125.054160,-0.909314,6.18,,40858
127.833195,37.264942,6.18,,41798
129.363225,-4.933999,6.18,,42299
144.105870,-48.751179,6.18,,47145
144.193080,-52.943670,6.18,,47172
146.152470,64.984112,6.18,,47791
149.249280,-69.101804,6.18,,48782
150.749775,-60.178675,6.18,,49233
153.781905,59.985539,6.18,,50222
156.185625,-73.971732,6.18,,50976
156.321735,-42.467404,6.18,,51014
164.987400,77.770174,6.18,,53761
174.540960,8.883792,6.18,,56756
179.763900,0.530680,6.18,,58445
183.680910,53.434626,6.18,,59708
193.971855,-15.327025,6.18,,63109
198.232125,-59.816605,6.18,,64478
199.645320,-51.285776,6.18,,64933
200.718780,-47.943221,6.18,,65288
202.500330,7.178853,6.18,,65862
206.396115,-15.767467,6.18,,67139
210.632700,9.686096,6.18,,68594
210.757170,-31.684035,6.18,,68641
211.545450,-43.091702,6.18,,68872
214.920630,0.384333,6.18,,70022
216.851610,-6.120332,6.18,,70680
222.750390,-0.257491,6.18,,72629
226.986480,-65.275449,6.18,,74047
227.685030,67.781035,6.18,,74272
228.640665,-17.768572,6.18,,74600
229.672095,-31.209347,6.18,,74929
242.382270,-32.649012,6.18,,79173
244.230420,-3.953349,6.18,,79781
250.743480,55.690119,6.18,,81840
252.365295,-15.667970,6.18,,82339
252.419040,43.430437,6.18,,82355
254.149905,-40.823453,6.18,,82911
256.451970,-44.105042,6.18,,83650
266.071860,14.410067,6.18,,86809
266.940000,-22.477791,6.18,,87099
268.161270,-6.143577,6.18,,87495
268.725180,-24.887095,6.18,,87706
270.399585,33.311266,6.18,,88277
271.375575,21.646624,6.18,,88604
274.350360,-28.652065,6.18,,89622
280.870875,53.871767,6.18,,91843
281.672340,18.705907,6.18,,92131
288.997875,27.926302,6.18,,94685
296.645895,32.888591,6.18,,97307
300.105630,-49.350946,6.18,,98482
301.290585,38.478457,6.18,,98921
302.130300,-10.062595,6.18,,99221
315.600840,44.790980,6.18,,103828
316.936230,-17.455902,6.18,,104297
317.837025,-72.544353,6.18,,104597
318.542850,29.900959,6.18,,104822
324.688170,25.498829,6.18,,106872
326.769825,17.194041,6.18,,107558
327.329220,61.272760,6.18,,107723
329.258955,-37.746844,6.18,,108347
332.579235,19.616339,6.18,,109439
335.232495,8.186742,6.18,,110341
335.750745,57.284612,6.18,,110497
335.975880,38.573612,6.18,,110566
345.635655,-6.574008,6.18,,113781
347.148180,-73.586116,6.18,,114268
351.032730,-18.688006,6.18,,115528
353.694750,38.024000,6.18,,116365
359.172930,22.648091,6.18,,118048
135.163305,41.783620,6.18,,
1.708665,-23.107540,6.19,,560
4.448745,1.688727,6.19,,1421
13.811130,24.557062,6.19,,4317
38.417595,-20.001921,6.19,,11907
39.574320,37.726715,6.19,,12287
54.855855,-10.437278,6.19,,17057
59.359920,24.461937,6.19,,18508
82.566120,-63.927686,6.19,,25781
83.411820,20.474216,6.19,,26072
84.932160,75.043871,6.19,,26638
86.805540,-54.360728,6.19,,27317
97.749570,-40.916253,6.19,,31056
100.321755,11.003197,6.19,,32012
101.550630,-37.775325,6.19,,32434
107.151015,37.445096,6.19,,34462
109.517040,30.955872,6.19,,35345
128.270190,-24.606960,6.19,,41949
134.425095,9.387764,6.19,,44010
134.916315,-19.208036,6.19,,44162
137.487915,-52.082861,6.19,,45002
141.618570,-40.501706,6.19,,46297
143.376495,36.486949,6.19,,46904
157.536675,-66.984654,6.19,,51425
163.675710,25.490722,6.19,,53355
164.808870,-84.593893,6.19,Eta Oct,53702
187.911345,-5.052592,6.19,,61134
198.211845,-42.699720,6.19,,64472
207.527130,-29.081321,6.19,,67523
208.742505,-8.058852,6.19,,67953
212.216220,-43.470779,6.19,,69113
214.338120,51.307373,6.19,,69818
216.076125,8.084595,6.19,,70414
228.398265,38.264700,6.19,,74514
229.882215,-37.097161,6.19,,75003
234.368745,-26.279864,6.19,,76503
234.827385,-77.918004,6.19,,76664
240.788985,59.410738,6.19,,78632
255.875880,35.414049,6.19,,83462
256.172280,19.599105,6.19,,83565
264.686880,-21.912658,6.19,,86352
267.681690,11.946548,6.19,,87335
268.218975,-41.996522,6.19,,87523
275.380695,-24.915276,6.19,,89980
276.985335,-17.800357,6.19,,90494
282.068340,23.514749,6.19,,92270
283.008015,13.965647,6.19,,92593
289.450770,2.031727,6.19,,94833
291.357360,24.912774,6.19,,95492
294.608070,-57.983341,6.19,,96607
301.339590,56.341422,6.19,,98946
307.261800,83.625417,6.19,,101044
308.710020,51.854221,6.19,,101556
308.884395,-16.525879,6.19,,101608
324.366150,44.696550,6.19,,106752
324.431850,6.618391,6.19,,106783
327.923925,-18.622940,6.19,,107901
331.551075,45.248690,6.19,,109121
333.239520,-26.327793,6.19,,109667
334.734165,37.769286,6.19,,110171
342.125865,-10.555478,6.19,,112615
342.253125,68.570228,6.19,,112670
347.955015,26.847308,6.19,,114526
352.530855,49.133145,6.19,,115996
1.826115,-17.386990,6.20,,602
14.053965,57.996557,6.20,,4383
16.115085,29.658806,6.20,,5034
19.052640,87.145496,6.20,,5928
24.113355,48.722776,6.20,,7493
25.326525,25.745712,6.20,,7874
25.363800,-38.132827,6.20,,7886
25.978320,-4.765514,6.20,,8094
37.306995,23.469026,6.20,,11578
45.538650,-6.494543,6.20,,14124
50.823750,-7.794098,6.20,,15776
53.486640,-31.080114,6.20,,16628
75.709905,66.822974,6.20,,23484
76.089945,21.277931,6.20,,23589
76.706490,43.174705,6.20,,23799
80.235900,19.814347,6.20,,24977
82.419390,29.186464,6.20,,25730
90.640890,-14.497157,6.20,,28622
103.675185,-1.756486,6.20,,33210
104.697585,26.081079,6.20,,33595
105.470490,-1.345883,6.20,,33873
111.071805,-22.912758,6.20,,35920
114.635565,-38.781487,6.20,,37202
115.722270,-58.230058,6.20,,37599
128.340630,36.436429,6.20,,41975
131.273115,-58.724319,6.20,,42936
132.205290,66.708083,6.20,,43266
135.297570,-26.663716,6.20,,44290
141.965070,75.098341,6.20,,46410
150.419655,-53.364115,6.20,,49137
150.491955,-57.349789,6.20,,49160
151.697610,5.611493,6.20,,49530
154.167285,-51.204636,6.20,,50332
157.744845,-7.637550,6.20,,51490
170.223885,67.100734,6.20,,55412
179.265630,-33.315461,6.20,,58272
183.570540,-64.408519,6.20,,59678
185.117745,-65.842656,6.20,,60183
187.708875,53.076608,6.20,,61053
188.994975,-20.527476,6.20,,61496
195.161325,18.373009,6.20,,63497
196.973490,27.555958,6.20,,64077
199.119360,68.408001,6.20,,64774
200.146020,-59.772780,6.20,,65108
209.630280,-65.800665,6.20,,68270
211.443750,-54.669362,6.20,,68842
219.249120,-12.305349,6.20,,71469
224.982375,-75.032669,6.20,,73394
232.651050,-20.728553,6.20,,75939
237.909990,-14.133584,6.20,,77689
257.763180,24.237694,6.20,,84054
258.963960,-30.210731,6.20,,84445
261.758955,-12.512488,6.20,,85397
282.011100,4.241422,6.20,,92254
284.094420,-1.799863,6.20,,92963
284.694120,40.679194,6.20,,93177
287.846505,40.429095,6.20,,94280
299.902830,76.481392,6.20,,98401
303.099360,-42.780063,6.20,,99570
304.872075,13.216766,6.20,,100208
305.731335,42.983543,6.20,,100515
307.069965,2.937161,6.20,,100969
307.838070,52.309526,6.20,,101245
312.335595,-18.035855,6.20,,102780
312.496230,5.544560,6.20,,102833
318.809865,-40.506065,6.20,,104925
321.031035,25.312423,6.20,,105660
324.998850,-52.359010,6.20,,106978
327.770745,39.536658,6.20,,107856
335.914800,20.848230,6.20,,110548
343.642170,-7.204626,6.20,,113127
352.252770,-9.266104,6.20,,115906
262.597650,-1.064706,6.20,,
97.792083,17.466389,6.20,,
2.170650,36.627125,6.21,,699
20.653965,1.726332,6.21,,6432
21.010575,-8.007416,6.21,,6539
34.795125,46.472261,6.21,,10814
37.726650,17.703856,6.21,,11698
39.653355,3.443205,6.21,,12318
41.085555,-32.524715,6.21,,12786
52.359495,46.937868,6.21,,16252
56.956710,-36.105785,6.21,,17734
58.303875,-18.434447,6.21,,18173
69.846450,25.218274,6.21,,21689
76.053240,73.763887,6.21,,23582
82.583010,4.204795,6.21,,25785
85.334730,53.481058,6.21,,26779
89.548800,-0.994018,6.21,,28252
90.073575,-12.900034,6.21,,28434
90.078780,44.592013,6.21,,28438
100.807245,37.147375,6.21,,32190
113.342445,-14.338307,6.21,,36736
119.333625,-47.890705,6.21,,38879
121.188765,18.842020,6.21,,39535
121.404405,27.529736,6.21,,39607
122.292450,-35.455015,6.21,,39920
130.076220,31.941898,6.21,,42538
130.750695,46.900845,6.21,,42777
131.599005,-41.125389,6.21,,43073
135.128340,37.604353,6.21,,44231
140.915670,-46.908750,6.21,,46067
165.601875,-26.831505,6.21,,53963
174.963015,-14.468529,6.21,,56901
175.514700,-20.294167,6.21,,57079
180.078360,80.853186,6.21,,58545
184.099395,-72.614499,6.21,,59851
185.545125,24.773866,6.21,,60327
187.107075,-61.794842,6.21,,60861
187.512225,51.535631,6.21,,60988
200.374050,-19.489294,6.21,,65183
205.064940,31.012036,6.21,,66690
206.190285,-25.500933,6.21,,67071
220.483155,-58.615829,6.21,,71861
222.279615,-56.667829,6.21,,72471
225.492015,-34.358875,6.21,,73559
230.397105,-40.749482,6.21,,75164
235.242660,-47.736091,6.21,,76809
238.395285,16.074933,6.21,,77835
238.877220,-31.083644,6.21,,77985
240.223785,-40.435480,6.21,,78445
243.105705,67.144176,6.21,,79414
250.940355,-41.119204,6.21,,81903
258.082815,-70.721082,6.21,,84158
278.629680,-52.891521,6.21,,91062
278.971755,16.975697,6.21,,91159
279.189765,43.221815,6.21,,91250
285.535470,-41.910505,6.21,,93470
297.590640,-61.061120,6.21,,97611
298.668525,-61.170792,6.21,,97971
307.742295,20.606148,6.21,,101213
307.746795,36.935839,6.21,,101214
309.326595,0.096978,6.21,,101746
309.348255,38.328665,6.21,,101756
315.141000,-4.730261,6.21,,103682
333.999285,8.549574,6.21,,109939
346.988340,64.222532,6.21,,114227
357.381705,-15.861277,6.21,,117494
336.644580,-16.742424,6.21,,
161.265000,-59.684167,6.21,Eta Car,
0.330195,49.981558,6.22,,106
3.509505,33.206039,6.22,,1123
12.890790,51.571427,6.22,,4023
22.095480,7.961353,6.22,,6868
35.740095,-18.354982,6.22,,11108
43.526955,-50.871402,6.22,,13518
44.211075,51.261284,6.22,,13732
54.909780,-3.393010,6.22,,17086
58.018530,31.168578,6.22,,18094
64.533780,42.141159,6.22,,20063
67.541685,-13.592372,6.22,,20997
75.204165,-5.753675,6.22,,23311
78.499785,-14.606872,6.22,,24394
79.668015,40.465124,6.22,,24771
85.155405,-2.825236,6.22,,26713
85.422960,-16.725830,6.22,,26821
86.769075,-28.638913,6.22,,27303
88.231200,68.471541,6.22,,27795
89.477055,1.224310,6.22,,28232
94.783050,-8.586012,6.22,,30028
96.986130,20.496320,6.22,,30769
104.427630,-27.537505,6.22,,33492
120.461370,8.913991,6.22,,39271
122.745360,14.629474,6.22,,40058
123.968940,-30.925944,6.22,,40476
131.528640,-11.006768,6.22,,43035
132.634290,33.285052,6.22,,43410
146.482350,-58.793828,6.22,,47913
154.013475,-59.903411,6.22,,50287
164.824500,51.882359,6.22,,53706
168.725520,-43.733703,6.22,,54929
174.600285,-2.435901,6.22,,56775
179.221890,61.549213,6.22,,58259
182.103060,-60.847128,6.22,,59200
188.873445,-61.841576,6.22,,61443
189.718185,-67.193048,6.22,,61703
190.393305,10.426270,6.22,,61937
205.162845,28.065165,6.22,,66725
214.265790,-18.585700,6.22,,69792
215.778465,25.338173,6.22,,70310
215.856780,-11.714043,6.22,,70336
217.068510,36.197028,6.22,,70762
225.990615,65.919714,6.22,,73706
233.040315,16.056169,6.22,Tau-2 Ser,76069
235.043115,12.052934,6.22,,76733
238.345560,-62.606583,6.22,,77817
240.977925,-24.726312,6.22,,78699
250.764855,-46.070293,6.22,,81847
262.032795,-63.036240,6.22,,85480
262.681530,57.876824,6.22,,85692
265.841760,14.295168,6.22,,86732
266.417640,31.504678,6.22,,86925
267.084345,3.804215,6.22,,87150
269.202180,45.350851,6.22,,87850
270.000345,-20.339548,6.22,,88125
270.625635,22.923230,6.22,,88346
271.797300,-21.443938,6.22,,88760
275.762205,16.688000,6.22,,90086
278.253750,-39.892022,6.22,,90936
280.465110,-23.833423,6.22,,91689
281.349585,-56.881970,6.22,,92021
282.899550,28.783671,6.22,,92550
284.598765,6.239929,6.22,,93138
287.014665,21.698927,6.22,,93975
290.398050,76.559596,6.22,,95154
295.490070,40.254144,6.22,,96907
297.830730,47.377236,6.22,,97700
298.573965,-23.941071,6.22,,97944
305.063415,39.403226,6.22,,100268
309.478035,18.268580,6.22,,101810
309.965565,-62.907802,6.22,,101965
323.862645,24.452161,6.22,,106605
324.390660,-0.390562,6.22,,106758
324.511770,-64.824167,6.22,,106818
338.970360,-57.883752,6.22,,111548
345.157950,0.185866,6.22,,113610
351.787905,-50.157244,6.22,,115759
358.782465,7.070972,6.22,,117927
14.592510,-60.696239,6.23,,4563
17.005515,32.012130,6.23,,5319
19.265460,-66.397854,6.23,,5992
23.943510,14.661422,6.23,,7436
39.277335,32.891092,6.23,,12200
40.860510,-66.714252,6.23,,12717
43.337790,48.569955,6.23,,13462
66.752910,2.079409,6.23,,20771
81.523845,16.700161,6.23,,25410
82.837050,-6.708379,6.23,,25869
85.175205,31.920607,6.23,,26718
85.831260,23.204372,6.23,,26964
90.729855,32.635697,6.23,,28644
91.391250,33.599050,6.23,,28861
99.659115,1.613518,6.23,,31766
103.481055,-24.538756,6.23,,33126
104.323290,-35.507153,6.23,,33451
104.673885,-45.767593,6.23,,33590
107.334375,-10.346565,6.23,,34536
107.539020,-18.685637,6.23,,34617
110.577465,-2.979175,6.23,,35737
112.196895,15.109822,6.23,,36340
115.196595,13.771251,6.23,,37404
117.370035,-13.352948,6.23,,38184
118.920150,35.412684,6.23,,38723
128.139345,53.114848,6.23,,41894
148.632570,-22.487456,6.23,,48584
151.257690,-51.313620,6.23,,49394
152.066235,31.604053,6.23,,49658
152.824020,-7.316626,6.23,,49900
153.331035,-27.028891,6.23,,50066
171.973785,-1.699946,6.23,,55941
173.926410,-61.287870,6.23,,56550
181.486125,-35.693926,6.23,,59008
181.583040,-68.651405,6.23,,59046
182.881470,-51.359333,6.23,,59439
184.631715,30.249047,6.23,,60018
186.964785,-4.615277,6.23,,60813
210.293700,27.386594,6.23,,68478
213.305235,-26.612309,6.23,,69458
213.598140,41.518757,6.23,,69569
232.588725,-41.919027,6.23,,75915
233.017470,-38.622543,6.23,,76063
250.701750,-62.553931,6.23,,81823
289.901790,54.375987,6.23,,94974
300.313755,37.098996,6.23,,98563
305.127660,53.595685,6.23,,100295
306.596475,17.315559,6.23,,100807
307.031415,8.437448,6.23,,100953
307.503000,72.531703,6.23,,101134
309.805215,-2.412975,6.23,,101921
313.646265,-50.727341,6.23,,103206
314.070870,56.887519,6.23,,103346
319.123410,42.251787,6.23,,105034
325.806375,-19.620961,6.23,,107238
333.660585,-41.381666,6.23,,109821
339.592260,-7.897563,6.23,,111761
342.542055,50.676917,6.23,,112761
345.348510,-7.061153,6.23,,113674
356.121105,-26.246631,6.23,,117107
358.336845,-24.229257,6.23,,117797
0.857145,63.640520,6.24,,274
2.217210,25.462985,6.24,,716
3.349680,26.987545,6.24,,1076
6.590625,-18.693632,6.24,,2086
17.301150,80.011579,6.24,,5412
18.247800,30.064229,6.24,,5679
24.407100,-9.403782,6.24,,7580
30.927540,18.253238,6.24,,9627
32.854245,31.526398,6.24,,10220
38.477550,-51.093546,6.24,,11925
45.467925,5.336151,6.24,,14104
47.087955,18.795053,6.24,,14586
63.394035,10.212458,6.24,,19720
68.387700,18.016722,6.24,,21251
70.934460,-41.064788,6.24,,21998
77.741775,-2.254114,6.24,,24130
81.509850,-5.518501,6.24,,25401
83.516205,-1.035726,6.24,,26106
83.842980,-4.424320,6.24,,26234
86.511945,-4.268484,6.24,,27212
89.395740,66.096099,6.24,,28205
94.244610,23.740909,6.24,,29840
94.668135,9.047183,6.24,,29982
96.009510,8.885014,6.24,,30448
96.375015,-35.064153,6.24,,30566
97.116900,16.238386,6.24,,30815
103.281570,44.839941,6.24,,33056
103.509495,-50.611600,6.24,,33139
111.212010,-19.012279,6.24,,35975
112.713060,-5.226494,6.24,,36526
134.815935,-28.806017,6.24,,44130
141.434085,63.940939,6.24,,46247
147.625335,4.343650,6.24,,48273
152.485365,-12.095305,6.24,,49802
155.919360,-41.953189,6.24,,50903
160.630725,-13.974514,6.24,,52391
168.014865,-58.423355,6.24,,54708
169.300080,-38.014367,6.24,,55130
172.948155,-20.776472,6.24,,56245
177.097860,-10.313105,6.24,,57587
180.715260,-7.683623,6.24,,58741
183.877155,-41.913278,6.24,,59785
186.186375,-41.384289,6.24,,60549
188.447550,33.384668,6.24,,61320
196.200990,-41.196322,6.24,,63820
210.982320,4.900973,6.24,,68707
220.513335,61.261916,6.24,,71876
236.689275,-6.120355,6.24,,77287
245.662110,-2.079870,6.24,,80227
259.148685,-74.533008,6.24,,84510
268.559040,11.130558,6.24,,87655
274.532145,18.131691,6.24,,89684
281.483310,-50.872715,6.24,,92072
282.404970,0.836197,6.24,,92386
283.442910,57.486557,6.24,,92731
294.924090,-45.278550,6.24,,96721
295.077870,-54.417790,6.24,,96781
298.090680,18.671875,6.24,,97796
301.185480,63.890207,6.24,,98872
302.764755,21.134579,6.24,,99445
302.837565,21.874937,6.24,,99479
304.381380,29.147563,6.24,,100018
306.720780,-37.402905,6.24,,100852
310.492350,17.521489,6.24,,102158
312.321825,-0.563337,6.24,,102770
315.762600,1.532061,6.24,,103892
328.649640,-3.301272,6.24,,108144
329.729100,-4.373109,6.24,,108506
345.377985,57.105458,6.24,,113684
349.286475,-28.438273,6.24,,114969
352.925175,-21.369457,6.24,,116118
355.169175,36.720768,6.24,,116824
355.477335,57.259954,6.24,,116912
0.432705,42.367144,6.25,,137
0.739515,-20.045882,6.25,,238
1.233300,26.648764,6.25,,399
3.732900,22.284225,6.25,,1193
5.606175,13.482488,6.25,,1772
15.678750,-65.456102,6.25,,4879
22.377240,-46.756422,6.25,,6952
26.192340,57.089226,6.25,,8148
28.724070,40.702034,6.25,,8922
33.337800,74.027721,6.25,,10350
36.316785,56.609823,6.25,,11279
42.378075,57.084318,6.25,,13178
47.819700,-16.024967,6.25,,14814
48.751125,-26.100459,6.25,,15125
49.007730,34.688513,6.25,,15204
53.656125,-9.868261,6.25,,16677
54.854550,75.739622,6.25,,17056
62.342520,54.828862,6.25,,19400
63.457650,12.753701,6.25,,19736
65.899215,42.427909,6.25,,20498
67.850415,40.010193,6.25,,21108
67.857720,-13.644222,6.25,,21110
74.321625,-1.067258,6.25,,23041
83.622030,-0.012345,6.25,,26149
85.875735,-39.406908,6.25,,26981
104.662140,7.622300,6.25,,33584
115.842420,22.399472,6.25,,37636
118.621950,47.385982,6.25,,38623
121.178895,-62.836347,6.25,,39530
121.614225,-9.244457,6.25,,39675
122.176860,13.640917,6.25,,39874
128.376150,-46.970661,6.25,,41986
133.119120,28.259159,6.25,,43575
134.494425,30.233826,6.25,,44031
135.526650,-39.402164,6.25,,44367
138.810990,-45.555498,6.25,,45413
142.385070,-4.246636,6.25,,46543
143.332935,-7.190204,6.25,,46893
146.379015,78.134709,6.25,,47884
152.147610,-15.611939,6.25,,49689
155.804745,-30.162263,6.25,,50868
158.552985,-60.987629,6.25,,51732
160.350780,-1.741491,6.25,,52316
161.083650,-70.859721,6.25,,52520
177.789630,33.375013,6.25,,57805
186.701400,-48.913191,6.25,,60729
192.174255,48.466838,6.25,,62516
193.457130,12.418416,6.25,,62933
193.554570,33.534480,6.25,,62972
197.425140,38.533885,6.25,,64217
198.106050,80.471309,6.25,,64437
210.903195,7.546170,6.25,,68687
214.136865,20.121848,6.25,,69751
215.813685,1.241569,6.25,,70319
227.356365,-63.642930,6.25,,74181
240.718800,-62.541590,6.25,,78603
242.020650,17.054382,6.25,Kap Her,79045
247.761600,35.225066,6.25,,80888
250.143825,-20.408649,6.25,,81632
250.298100,-1.000312,6.25,,81687
253.544190,-1.612304,6.25,,82693
259.399395,23.090627,6.25,,84599
261.112995,36.951929,6.25,,85181
264.785430,2.028050,6.25,,86391
267.542100,78.306539,6.25,,87293
279.887640,40.935059,6.25,,91491
285.407250,-22.695364,6.25,,93423
285.589860,8.373539,6.25,,93488
288.888420,-24.179352,6.25,Gumala,94645
289.119180,-69.190825,6.25,Tau Pav,94724
289.754805,37.445346,6.25,,94932
290.404635,-19.234446,6.25,,95159
292.325115,0.246080,6.25,,95812
294.893895,45.957439,6.25,,96706
295.466745,50.517523,6.25,,96901
296.142465,13.302783,6.25,Psi Aql,97139
297.823875,9.629887,6.25,,97697
303.146355,0.867054,6.25,,99585
310.231755,-42.396689,6.25,,102057
315.792450,-27.731594,6.25,,103902
317.387475,-20.556661,6.25,,104452
323.829600,28.197607,6.25,,106595
327.034995,36.580388,6.25,,107637
346.948920,63.633466,6.25,,114212
350.183745,44.116167,6.25,,115261
353.429130,45.058100,6.25,,116292
7.179480,-50.532859,6.26,,2256
8.204535,28.280241,6.26,,2583
20.144055,-3.246990,6.26,,6283
21.174660,-44.528575,6.26,,6595
37.569165,33.833707,6.26,,11651
40.065390,6.111944,6.26,,12447
42.231285,69.634290,6.26,,13133
56.348790,-71.658132,6.26,,17543
56.954265,32.195415,6.26,,17732
76.252530,-54.407401,6.26,,23653
76.538625,-73.037673,6.26,,23737
78.865230,22.284858,6.26,,24512
81.192870,-52.316245,6.26,The Pic,25303
84.042885,-28.708015,6.26,,26309
84.316830,66.696692,6.26,,26410
92.144295,-44.356212,6.26,,29129
96.232515,-63.828144,6.26,,30524
96.304170,7.085713,6.26,,30541
97.895610,-36.940027,6.26,,31099
98.077275,17.784349,6.26,,31158
99.479760,73.695636,6.26,,31703
100.691865,-22.448590,6.26,,32144
104.356620,11.907554,6.26,,33465
104.665725,-55.729122,6.26,,33588
104.913555,-21.602884,6.26,,33666
112.008030,-26.838974,6.26,,36264
122.346060,42.430609,6.26,,39938
124.565820,54.143696,6.26,,40677
128.437695,13.257311,6.26,,42010
130.586895,-55.774557,6.26,,42717
133.830030,-45.041670,6.26,,43807
142.457805,-23.345342,6.26,,46569
143.496435,23.453919,6.26,,46938
145.410360,25.912876,6.26,,47550
161.113200,-72.443498,6.26,,52535
161.571210,-60.602872,6.26,,52679
163.338225,-58.893453,6.26,,53231
169.902360,-75.142452,6.26,,55308
176.302680,-49.069843,6.26,,57322
179.183130,-47.072379,6.26,,58242
184.829970,23.034673,6.26,,60087
188.342715,-19.792549,6.26,,61270
189.982845,-66.511138,6.26,,61796
192.581250,-48.459543,6.26,,62655
193.102485,-53.829931,6.26,,62821
198.361815,-18.826406,6.26,,64520
200.173200,2.942290,6.26,,65119
217.928505,60.225636,6.26,,71040
231.471960,19.480707,6.26,,75535
233.289660,-24.490433,6.26,,76143
234.047355,-33.092806,6.26,,76395
238.916055,18.620745,6.26,,77995
243.235770,-4.220809,6.26,,79463
255.447450,-58.958245,6.26,,83323
256.721775,-26.513022,6.26,,83740
263.895825,-59.846115,6.26,,86088
264.362160,-38.066364,6.26,,86246
269.428065,-56.896252,6.26,,87928
270.787020,48.464269,6.26,,88415
279.964995,7.358598,6.26,,91523
281.230815,54.897184,6.26,,91985
287.440845,65.978513,6.26,,94140
292.695135,36.228503,6.26,,95953
301.896180,-55.016012,6.26,,99137
305.421465,-49.999416,6.26,,100412
312.178080,51.910331,6.26,,102712
314.900580,-19.035283,6.26,,103616
315.180915,-53.739070,6.26,,103693
331.463415,48.231494,6.26,,109082
336.419580,18.444316,6.26,,110696
338.319930,70.373714,6.26,,111325
351.811635,1.122609,6.26,,115768
352.383675,-4.532747,6.26,,115953
354.415575,16.825495,6.26,,116592
355.361625,49.512413,6.26,,116876
359.283975,-26.623446,6.26,,118076
12.389295,-23.362144,6.27,,3858
13.448205,52.689293,6.27,,4212
19.129215,79.910013,6.27,,5947
21.776280,34.377552,6.27,,6776
23.151570,-49.727713,6.27,,7189
26.232615,20.083149,6.27,,8159
31.551090,8.248114,6.27,,9809
41.742975,35.983523,6.27,,12982
61.485450,-8.856105,6.27,,19121
72.426030,-13.769669,6.27,,22439
83.409240,34.725570,6.27,,26071
83.981250,27.662347,6.27,,26291
92.446440,-26.701086,6.27,,29233
94.757670,17.325259,6.27,,30019
95.942265,-15.071257,6.27,,30420
104.190420,-35.341334,6.27,,33394
113.304840,-40.058522,6.27,,36728
114.069570,-8.311302,6.27,,37000
122.448735,-42.640803,6.27,,39974
138.327780,-42.273290,6.27,,45242
140.855715,-48.286942,6.27,,46045
142.259580,-1.256913,6.27,,46504
142.887660,-66.719026,6.27,,46737
147.598470,65.593226,6.27,,48266
149.195205,-26.549672,6.27,,48763
151.313670,-36.384381,6.27,,49418
161.060625,19.758834,6.27,,52513
161.289405,2.487970,6.27,,52584
168.042555,-46.266761,6.27,,54718
172.937295,14.364505,6.27,,56242
181.118745,85.587132,6.27,,58874
183.836055,87.700115,6.27,,59767
191.889270,-6.301752,6.27,,62421
201.836070,-49.381291,6.27,,65630
210.884790,10.786779,6.27,,68682
218.410665,79.660427,6.27,,71196
221.307120,32.788346,6.27,,72124
222.963780,-18.355325,6.27,,72702
226.558065,-36.264599,6.27,,73901
228.254265,-61.743780,6.27,,74470
230.168985,-67.481526,6.27,,75091
241.408080,8.096248,6.27,,78840
247.867830,72.612338,6.27,,80920
254.266590,-19.539856,6.27,,82951
254.379360,25.352841,6.27,,82987
255.387720,14.949717,6.27,,83308
259.877145,-50.063762,6.27,,84759
270.346335,-17.156868,6.27,,88258
276.243585,27.394783,6.27,,90256
277.559565,-5.724169,6.27,,90692
280.559880,-81.808114,6.27,,91723
283.257540,-9.575521,6.27,,92674
284.309625,-43.917012,6.27,,93049
288.829905,50.071127,6.27,,94623
291.091965,16.937722,6.27,,95398
293.889420,-12.253114,6.27,,96365
295.983225,27.135398,6.27,,97091
297.229515,-52.888109,6.27,,97491
299.735070,-30.538384,6.27,,98351
300.584100,64.634419,6.27,,98658
304.762515,-63.230744,6.27,,100165
305.134635,-55.050882,6.27,,100300
316.890180,15.658657,6.27,,104281
317.695575,-9.354074,6.27,,104557
318.369945,15.982395,6.27,,104771
323.324520,45.854014,6.27,,106420
327.361950,20.462446,6.27,,107734
328.075755,21.273162,6.27,,107956
341.367405,19.366561,6.27,,112358
345.346020,-22.790891,6.27,,113673
0.079500,-44.290561,6.28,,25
7.236090,36.899694,6.28,,2270
12.236370,-46.697648,6.28,,3807
13.771710,48.678520,6.28,,4298
15.823770,-29.525848,6.28,,4932
16.546665,32.181485,6.28,,5175
20.906025,34.245887,6.28,,6512
28.211370,51.474836,6.28,,8771
28.740225,37.128290,6.28,,8930
38.061480,-36.427307,6.28,,11802
41.764920,35.554680,6.28,,12990
47.161635,8.471069,6.28,,14607
66.051075,-57.071337,6.28,,20552
66.753615,57.585290,6.28,,20772
67.779960,15.105037,6.28,,21082
69.212220,-30.716779,6.28,,21486
73.273785,-72.407680,6.28,,22717
84.229095,-66.560287,6.28,,26368
87.857295,32.124694,6.28,,27661
88.897365,-4.788587,6.28,,28019
91.288860,75.585919,6.28,,28831
92.666370,-45.281988,6.28,,29304
92.941305,52.647186,6.28,,29404
97.512540,-65.568242,6.28,,30973
100.341420,16.397650,6.28,,32020
100.568265,-38.398791,6.28,,32091
101.047905,53.295939,6.28,,32261
103.894230,8.324285,6.28,,33297
105.177135,-28.489574,6.28,,33760
113.520690,10.568076,6.28,,36796
119.094675,-30.284570,6.28,,38792
120.381570,-55.454655,6.28,,39238
120.873375,-42.948327,6.28,,39420
124.381875,8.866310,6.28,,40617
125.820555,-38.286079,6.28,,41107
126.137895,82.430759,6.28,,41208
128.621895,-37.611169,6.28,,42070
133.845330,17.231276,6.28,,43811
139.885335,-55.186471,6.28,,45742
148.241865,-27.332172,6.28,,48468
153.011895,-28.605956,6.28,,49967
166.523925,-51.212920,6.28,,54264
172.812705,-61.278463,6.28,,56201
175.431270,55.172011,6.28,,57045
180.175935,-21.837501,6.28,,58574
188.392590,24.282984,6.28,,61295
205.089210,57.207606,6.28,,66700
210.550755,45.753457,6.28,,68567
211.155945,2.297531,6.28,,68776
216.371460,38.393053,6.28,,70517
224.307120,-29.157678,6.28,,73171
228.710820,-5.502555,6.28,,74623
232.930875,-20.164922,6.28,,76033
238.667820,8.580337,6.28,,77910
253.495230,-41.994327,6.28,,82669
255.463560,-18.885538,6.28,,83331
256.272390,-45.502127,6.28,,83594
259.580295,-16.311877,6.28,,84649
260.713695,-2.388176,6.28,,85042
265.515075,-50.510703,6.28,,86628
269.233230,6.487730,6.28,,87866
269.490795,-39.136523,6.28,,87948
270.238635,15.093550,6.28,,88217
276.175530,-7.075936,6.28,,90238
277.025700,-26.757245,6.28,,90510
280.793115,70.792849,6.28,,91811
283.030215,41.383244,6.28,,92599
283.117980,-26.650770,6.28,,92635
284.992125,22.814515,6.28,,93270
286.784685,-18.738171,6.28,,93887
287.828385,-29.502293,6.28,,94272
295.914555,57.042713,6.28,,97070
304.014285,38.898012,6.28,,99893
304.733220,-47.710774,6.28,,100151
310.352730,-42.133780,6.28,,102096
311.764845,-2.486912,6.28,,102561
321.069750,-69.733882,6.28,,105678
324.775455,-33.678856,6.28,,106907
326.122740,-38.552530,6.28,,107344
326.599740,25.563504,6.28,,107502
330.549375,-17.903474,6.28,,108784
332.587950,-3.894086,6.28,,109442
339.122085,-40.582689,6.28,Sig-1 Gru,111594
339.202845,35.652419,6.28,,111627
340.525110,-5.101968,6.28,,112078
341.829870,-34.161722,6.28,,112501
344.386680,3.810241,6.28,,113360
350.668800,20.828716,6.28,,115407
359.588430,-15.847484,6.28,,118178
19.542270,47.419706,6.29,,6087
31.622115,0.035384,6.29,,9827
35.965605,55.364861,6.29,,11174
39.616470,38.089141,6.29,,12305
44.303760,-29.855289,6.29,,13768
48.256200,-35.943688,6.29,,14972
51.827820,12.735289,6.29,,16095
52.872270,49.209770,6.29,,16424
54.125730,-78.323073,6.29,,16827
54.582165,56.932713,6.29,,16974
56.141160,-54.274027,6.29,,17464
62.364885,59.908071,6.29,,19412
75.055320,-78.300009,6.29,,23251
82.680600,22.462255,6.29,,25806
86.827860,-35.674075,6.29,,27325
87.734640,51.514583,6.29,,27625
94.909050,-22.103119,6.29,,30062
105.075150,-5.367162,6.29,Citalá,33719
109.381935,-6.679997,6.29,,35301
113.664930,-51.474517,6.29,,36856
130.112550,19.544808,6.29,Meleph,42556
132.000960,-52.850151,6.29,,43195
148.763970,61.116123,6.29,,48638
158.853300,-76.308986,6.29,,51835
159.018780,-26.675479,6.29,,51885
159.089235,36.326927,6.29,,51914
161.654760,-43.192673,6.29,,52709
161.910015,-57.467411,6.29,,52797
162.945420,-57.272315,6.29,,53100
172.431690,56.737573,6.29,,56083
174.634680,33.625829,6.29,,56784
174.687690,45.108416,6.29,,56809
183.922935,72.551196,6.29,,59796
186.323265,-65.769853,6.29,,60601
188.262000,10.295671,6.29,,61246
192.196125,24.840226,6.29,,62523
193.114575,16.122495,6.29,,62825
204.920190,-39.747587,6.29,,66645
225.217815,22.045589,6.29,,73464
226.178745,-40.861330,6.29,,73764
227.686920,-61.422320,6.29,,74273
230.596830,12.567521,6.29,,75230
238.233825,17.403150,6.29,,77782
239.058435,-31.785882,6.29,,78058
244.782165,-20.218072,6.29,,79945
252.650445,41.896500,6.29,,82419
253.990620,-33.506873,6.29,,82855
254.069730,73.127867,6.29,,82880
256.188855,-20.494703,6.29,,83567
256.549170,-21.564583,6.29,,83684
274.350675,-9.758578,6.29,,89623
274.512255,13.777038,6.29,,89677
282.710385,-22.162190,6.29,,92480
284.393310,-39.823195,6.29,,93074
286.728390,-50.323144,6.29,,93860
289.912530,37.330539,6.29,,94981
292.644150,-55.110053,6.29,Mu Tel,95932
295.809795,58.016617,6.29,,97033
305.753295,-9.654710,6.29,,100524
310.351095,-25.999911,6.29,,102094
311.970570,52.407167,6.29,,102642
320.058630,22.026186,6.29,,105344
332.986740,59.084579,6.29,,109585
336.544590,-23.682447,6.29,,110746
338.972415,50.070788,6.29,,111550
341.068650,-60.499618,6.29,,112259
349.922895,48.380935,6.29,,115171
358.269825,2.090625,6.29,,117774
14.477130,13.695865,6.30,,4520
30.715575,-23.886628,6.30,,9562
35.548905,-43.199811,6.30,,11043
40.757730,48.265245,6.30,,12690
43.298730,16.483460,6.30,,13448
46.297065,-8.274247,6.30,,14355
48.946425,32.856712,6.30,,15191
49.090515,-5.730464,6.30,,15230
57.816120,13.046078,6.30,,18033
72.958275,13.655155,6.30,,22607
75.974790,-41.744950,6.30,,23555
81.160110,31.223912,6.30,,25290
81.769845,-11.900964,6.30,,25486
86.811180,42.526748,6.30,,27319
88.565655,3.225641,6.30,,27902
95.357370,2.268522,6.30,,30217
95.756115,-63.683136,6.30,,30352
96.185400,-40.283979,6.30,,30505
96.367395,14.721992,6.30,,30564
98.195310,-11.166381,6.30,,31205
100.847310,-39.193118,6.30,,32208
103.095255,-5.316277,6.30,,32990
103.343340,10.996650,6.30,,33082
109.238400,-30.897012,6.30,,35241
111.341535,81.257456,6.30,,36019
117.081255,-56.471075,6.30,,38087
118.029960,3.277342,6.30,,38406
119.917035,-60.207351,6.30,,39073
120.200430,19.816216,6.30,,39180
126.696120,26.935489,6.30,Phi-2 Cnc,41404
127.663470,-44.737320,6.30,,41737
134.794710,18.134867,6.30,,44126
138.838575,84.181013,6.30,,45421
140.231235,-15.617826,6.30,,45854
140.863860,-60.302314,6.30,,46049
141.231945,51.573896,6.30,,46168
149.040630,-71.389300,6.30,,48715
151.011720,-18.101406,6.30,,49321
167.932320,14.400153,6.30,,54688
169.116075,-45.880012,6.30,,55068
172.603440,46.657533,6.30,,56135
174.169695,-37.237187,6.30,,56632
181.188630,-59.253287,6.30,,58901
181.473435,-65.546879,6.30,,59003
186.956025,-16.631844,6.30,,60809
205.620090,41.674282,6.30,,66892
210.971205,-22.421602,6.30,,68705
220.136520,-56.440761,6.30,,71746
221.883750,-43.556806,6.30,,72338
223.138050,-30.577253,6.30,,72772
229.539210,-41.061159,6.30,,74875
233.954970,38.373926,6.30,,76366
235.853580,-15.043230,6.30,,77007
239.374320,39.695086,6.30,,78153
242.914995,33.342764,6.30,,79350
243.556695,5.901846,6.30,,79581
244.337250,-53.086385,6.30,,79812
249.450045,13.687035,6.30,,81425
250.184985,-51.478260,6.30,,81650
253.763880,-42.090831,6.30,,82783
254.036850,-50.674790,6.30,,82868
257.627655,52.408769,6.30,,84021
258.069015,-38.822535,6.30,,84151
262.253595,-43.973919,6.30,,85549
265.171635,31.287478,6.30,,86506
265.945920,-7.079608,6.30,,86768
270.451245,-36.377864,6.30,,88294
273.885345,45.209318,6.30,,89474
274.667325,-42.288399,6.30,,89726
274.983645,51.347823,6.30,,89835
276.477525,-33.945718,6.30,,90336
280.963470,-6.818119,6.30,,91880
281.167890,23.589883,6.30,,91958
283.300005,-51.931437,6.30,,92687
286.004205,-57.959962,6.30,,93629
287.060670,-24.657369,6.30,,93993
290.137725,35.185957,6.30,,95067
291.901650,37.941197,6.30,,95673
293.291940,60.158691,6.30,,96164
298.255200,47.807720,6.30,,97845
303.960855,-30.005278,6.30,,99878
304.095015,-12.337119,6.30,,99918
304.098375,-36.453575,6.30,,99920
310.720650,-39.558830,6.30,,102230
311.660820,46.531692,6.30,,102530
321.086790,-46.614706,6.30,,105685
332.715435,30.553001,6.30,,109493
337.081170,64.085155,6.30,,110919
339.270195,12.576816,6.30,,111649
339.934065,-28.325661,6.30,,111879
345.102645,-25.626846,6.30,,113593
355.682745,16.335719,6.30,,116972
40.822755,3.237385,6.30,,
0.965130,66.712183,6.31,,302
16.789380,53.498185,6.31,,5251
20.080995,77.570682,6.31,,6261
23.326155,8.208738,6.31,,7243
32.532255,53.843091,6.31,,10115
43.211415,-9.441236,6.31,,13421
57.924000,68.507486,6.31,,18067
59.126265,71.821606,6.31,,18438
60.153705,17.296660,6.31,,18717
61.652565,54.008663,6.31,,19172
63.716955,37.542670,6.31,,19810
63.942840,15.400695,6.31,,19877
64.905900,10.121437,6.31,,20188
75.165870,-2.066032,6.31,,23296
85.788825,-1.613248,6.31,,26953
95.810325,-31.790312,6.31,,30376
97.849995,-32.868548,6.31,,31086
102.433335,-24.076066,6.31,,32744
102.676260,-8.040996,6.31,,32838
103.813320,45.826408,6.31,,33271
104.250390,-8.179295,6.31,,33420
107.055300,33.832388,6.31,,34428
109.807035,-33.727166,6.31,,35463
116.639250,-37.772569,6.31,,37939
116.910525,-15.990688,6.31,,38031
120.525555,-37.050043,6.31,,39299
122.236860,-11.339650,6.31,,39898
124.812840,-10.165754,6.31,,40766
127.852905,-39.064110,6.31,,41806
128.222025,69.319901,6.31,,41927
129.203205,74.723677,6.31,,42249
138.357585,-38.616471,6.31,,45259
141.282780,-43.976603,6.31,,46194
141.385425,16.585588,6.31,,46232
144.947550,-10.570271,6.31,,47427
151.293285,52.371302,6.31,,49408
152.143320,83.918372,6.31,,49688
154.657740,-36.804572,6.31,,50492
154.997835,-9.059004,6.31,,50584
163.150380,-0.201657,6.31,,53167
166.614720,-50.956725,6.31,,54291
178.459485,0.552114,6.31,,58002
186.276555,63.802781,6.31,,60589
190.520970,-69.407554,6.31,,61981
191.759610,5.950373,6.31,,62376
193.022685,-48.094286,6.31,,62799
194.388045,-22.753499,6.31,,63243
198.035040,24.258027,6.31,,64417
201.776625,-49.143709,6.31,,65606
205.096980,50.519413,6.31,,66704
209.043630,32.032598,6.31,,68065
213.911055,-45.000756,6.31,,69671
228.382785,22.983399,6.31,,74505
238.956825,58.911774,6.31,,78017
239.266200,-48.162186,6.31,,78117
239.628330,-37.503878,6.31,,78236
247.180965,51.407738,6.31,,80710
259.238535,89.037708,6.31,Lam UMi,84535
259.998135,-5.917509,6.31,,84801
267.115980,-26.974945,6.31,,87163
271.722810,50.822823,6.31,,88732
276.932310,-26.634845,6.31,,90478
278.346195,-38.720033,6.31,Kap-2 CrA,90969
279.287745,16.198295,6.31,,91279
281.033100,-36.718335,6.31,,91901
285.389655,-15.282617,6.31,,93418
289.719810,9.618070,6.31,,94916
290.768535,-7.400615,6.31,,95281
291.343305,20.271727,6.31,,95487
291.891285,14.282481,6.31,,95664
295.512180,-9.193654,6.31,,96917
300.361560,-40.814336,6.31,,98579
327.420915,-12.722865,6.31,,107750
331.874850,18.000709,6.31,,109212
337.288500,58.404100,6.31,,110988
341.984145,-25.912028,6.31,,112567
344.321655,-4.810095,6.31,,113345
344.793135,52.654530,6.31,,113501
359.124780,-24.737218,6.31,,118029
1.265925,-0.503035,6.32,,417
2.259900,-54.001931,6.32,,730
8.978355,13.207067,6.32,,2832
25.958940,32.192015,6.32,,8086
26.110530,46.139692,6.32,,8127
32.520000,-43.815574,6.32,,10111
40.620570,10.741725,6.32,,12647
44.909595,-32.507198,6.32,,13947
48.109995,47.725875,6.32,,14914
59.621490,38.840254,6.32,,18565
63.870000,6.186858,6.32,,19859
72.029130,55.602611,6.32,,22300
76.108965,-35.705109,6.32,Gam-2 Cae,23596
83.739315,-61.176048,6.32,,26190
87.620100,-52.767879,6.32,,27583
91.260765,37.964272,6.32,,28820
91.284285,59.393210,6.32,,28829
95.272635,-11.817324,6.32,,30190
95.358015,17.763503,6.32,,30218
96.677745,-14.603429,6.32,,30669
97.176750,-41.074877,6.32,,30849
98.878410,-22.109053,6.32,,31469
102.654000,-25.778394,6.32,,32827
103.305810,38.438013,6.32,,33064
103.611180,-42.365571,6.32,,33189
105.034515,-20.158425,6.32,,33703
108.488910,-30.339791,6.32,,34954
110.993070,-35.837824,6.32,,35893
111.429090,-31.738720,6.32,,36045
117.367875,-44.751157,6.32,,38183
120.432330,25.089465,6.32,Ome-2 Cnc,39263
122.102685,-63.800821,6.32,,39843
124.346385,-16.285111,6.32,,40604
126.903285,45.652987,6.32,,41484
129.667890,-19.736904,6.32,,42394
138.853950,-15.024908,6.32,,45424
138.894675,-57.577742,6.32,,45437
143.970360,14.379588,6.32,,47096
149.225400,-27.475154,6.32,,48776
157.476795,65.626233,6.32,,51401
161.095485,-59.993320,6.32,,52526
174.255075,-32.988184,6.32,,56657
175.154190,-62.568102,6.32,,56961
175.256505,-83.099937,6.32,,56996
180.257235,-1.768166,6.32,,58603
185.172405,27.054545,6.32,,60197
186.409485,-86.150613,6.32,,60638
193.051065,17.073943,6.32,,62807
197.309325,-9.538098,6.32,,64181
197.971140,-63.302992,6.32,,64395
203.620710,-48.272162,6.32,,66236
204.800115,-75.683788,6.32,,66607
210.766980,-17.367012,6.32,,68643
214.455015,48.002004,6.32,,69862
218.548725,32.534477,6.32,,71243
228.130050,-48.218992,6.32,,74418
232.337970,62.099529,6.32,,75822
234.565875,-28.206666,6.32,,76567
236.414610,0.891039,6.32,,77186
239.060130,-14.399402,6.32,,78059
241.764060,-14.071292,6.32,,78955
241.966200,-24.462349,6.32,,79031
243.663525,-18.535649,6.32,,79605
246.225630,-45.349499,6.32,,80421
252.592710,-2.654356,6.32,,82405
259.122600,60.670614,6.32,,84496
263.570295,-48.526787,6.32,,85975
269.309700,23.995889,6.32,,87895
271.530945,-0.446128,6.32,,88671
271.776225,49.710441,6.32,,88754
274.503990,-68.229257,6.32,,89674
275.758785,-10.218983,6.32,,90083
280.729575,-19.284209,6.32,,91781
284.747490,50.809143,6.32,,93197
286.446375,29.921674,6.32,,93770
289.657770,49.569456,6.32,,94890
293.874195,-7.460283,6.32,,96356
299.674200,70.366949,6.32,,98333
301.222530,68.027159,6.32,,98890
304.371075,42.722060,6.32,,100016
306.433815,10.055999,6.32,,100762
309.382410,31.572540,6.32,,101765
312.451080,7.864185,6.32,,102819
313.254795,-23.783203,6.32,,103071
315.931155,46.863150,6.32,,103949
319.501980,-64.681580,6.32,,105148
323.571510,-42.924679,6.32,,106500
329.462760,74.996714,6.32,,108420
340.199805,-3.554239,6.32,,111965
348.559875,50.617891,6.32,,114714
349.864215,34.793183,6.32,,115148
356.505165,-40.182565,6.32,,117219
0.600690,8.956824,6.33,,186
4.677300,-43.235571,6.33,,1502
18.520425,28.529575,6.33,,5772
20.271750,64.658131,6.33,,6312
25.338840,-79.148200,6.33,Tau-1 Hyi,7879
25.743000,61.421073,6.33,,8020
25.818630,45.322649,6.33,,8044
26.949030,-37.159483,6.33,,8369
26.950050,46.229750,6.33,,8370
34.743825,-25.945687,6.33,,10798
47.016015,52.213511,6.33,,14566
51.549090,-41.636940,6.33,,16015
63.216060,68.501154,6.33,,19673
68.927340,19.881791,6.33,,21408
71.600685,-2.954532,6.33,,22189
74.064915,24.592218,6.33,,22949
76.957530,-12.592658,6.33,,23874
78.446895,0.560423,6.33,,24377
79.897020,-1.411892,6.33,,24847
81.150420,2.353165,6.33,,25288
82.586475,-7.434811,6.33,,25786
94.570260,46.360443,6.33,,29949
96.446400,-3.889032,6.33,,30595
103.251255,-26.957632,6.33,,33040
110.262930,42.655913,6.33,,35623
113.840250,-74.274957,6.33,,36914
116.774010,-39.330996,6.33,,37982
119.815725,-73.244171,6.33,,39041
126.818415,-31.672734,6.33,,41449
129.032130,15.313632,6.33,,42187
130.976370,-68.211580,6.33,,42850
131.705175,-34.622945,6.33,,43114
139.426230,-54.494829,6.33,,45603
141.954765,-71.781101,6.33,,46407
143.890845,-19.583394,6.33,,47070
145.554075,-66.914820,6.33,,47591
153.485685,-40.310774,6.33,,50122
156.054900,2.368018,6.33,,50939
156.653805,-0.988055,6.33,,51117
159.845190,-64.111788,6.33,,52160
168.417060,41.088837,6.33,,54842
171.606510,33.450608,6.33,,55821
184.206135,86.435819,6.33,,59879
185.484435,47.182202,6.33,,60305
186.601605,71.929827,6.33,,60699
189.518400,3.282444,6.33,,61637
191.107995,80.621024,6.33,,62170
194.302800,-12.066947,6.33,,63220
206.738010,6.350375,6.33,,67246
214.948890,38.794052,6.33,,70029
216.556110,-42.318597,6.33,,70580
221.490660,-15.459541,6.33,,72194
227.081415,50.054955,6.33,,74083
229.875210,32.514903,6.33,,75000
234.839055,-23.150224,6.33,,76666
240.331470,-31.889137,6.33,,78486
242.262090,57.937883,6.33,,79125
249.469980,78.918667,6.33,,81428
249.913035,-9.554589,6.33,,81580
253.073970,-67.681633,6.33,,82539
254.007675,-16.806263,6.33,,82861
255.495735,8.450669,6.33,,83342
259.055820,-26.546147,6.33,,84478
260.663400,-37.804637,6.33,,85020
264.166665,69.570730,6.33,,86184
267.997695,-1.236806,6.33,,87428
269.362440,11.044543,6.33,,87910
272.811600,-19.841958,6.33,,89114
283.388340,75.787372,6.33,,92717
290.539740,-42.016026,6.33,,95211
291.022920,-68.371082,6.33,,95369
294.034800,22.585763,6.33,,96417
294.956085,-23.427700,6.33,,96729
295.553385,12.193261,6.33,,96931
299.643150,38.105693,6.33,,98320
312.477690,46.661337,6.33,,102827
315.757470,14.730026,6.33,,103891
321.102345,10.174252,6.33,,105695
325.140435,-55.737977,6.33,,107030
329.555445,-5.424922,6.33,,108453
337.893135,29.542758,6.33,,111191
339.945885,19.681125,6.33,,111884
341.846805,58.483031,6.33,,112508
343.297395,40.167361,6.33,,113009
346.789320,-49.606135,6.33,,114159
349.417005,-11.712942,6.33,,115015
350.883105,0.291325,6.33,,115476
357.224745,59.978970,6.33,,117450
2.467110,-62.296794,6.34,,798
3.778950,31.535725,6.34,,1208
21.442950,70.979887,6.34,,6685
21.536475,34.579700,6.34,,6702
25.145520,8.760769,6.34,,7819
36.243285,-2.780031,6.34,,11261
61.444635,-20.512563,6.34,,19111
64.087290,-60.948482,6.34,,19917
65.999010,24.300992,6.34,,20533
69.006975,-3.611641,6.34,,21428
71.426940,23.627996,6.34,,22128
74.545470,-2.212738,6.34,,23092
80.086290,-34.698856,6.34,,24909
80.879445,5.323086,6.34,,25205
86.118315,-20.126573,6.34,,27075
88.558440,-29.147206,6.34,,27901
92.096400,41.055726,6.34,,29114
104.834055,7.316967,6.34,,33644
106.502025,-30.655711,6.34,,34248
108.451605,-22.905778,6.34,,34940
108.947070,-23.740280,6.34,,35132
114.320535,-23.775399,6.34,,37089
114.324150,40.025383,6.34,,37091
117.416565,-14.085359,6.34,,38206
117.834750,-43.095232,6.34,,38355
120.253260,23.583093,6.34,,39194
120.479940,35.413069,6.34,,39279
120.608205,-6.337135,6.34,,39326
121.673370,-48.497389,6.34,,39691
127.873245,-54.394010,6.34,,41813
129.749580,52.925079,6.34,,42415
130.181415,-57.545490,6.34,,42579
133.100760,5.340311,6.34,,43570
137.981805,5.468629,6.34,,45150
148.049940,0.075610,6.34,,48413
149.486850,45.414298,6.34,,48861
152.006895,-37.333445,6.34,,49645
152.745705,40.661608,6.34,,49870
155.543535,-58.265572,6.34,,50785
155.961015,-57.953933,6.34,,50916
161.593785,57.365914,6.34,,52685
161.700360,-69.209786,6.34,,52730
163.387095,-15.445825,6.34,,53259
165.902235,-13.434920,6.34,,54048
167.873175,-71.436189,6.34,,54673
177.841260,-12.187811,6.34,,57819
179.856765,-62.830948,6.34,,58469
182.446170,74.661368,6.34,,59291
182.937090,57.054408,6.34,,59458
183.303945,-34.125272,6.34,,59588
183.403350,-33.792919,6.34,,59622
183.485310,-78.573934,6.34,,59647
191.112945,44.103004,6.34,,62172
197.115975,-67.796762,6.34,,64117
199.701360,-79.976017,6.34,,64951
200.516400,43.903379,6.34,,65230
201.998625,52.745588,6.34,,65678
207.902130,-36.433279,6.34,,67648
210.461190,68.678675,6.34,,68537
212.234415,-59.276712,6.34,,69122
220.498950,-77.011452,6.34,,71870
221.978955,-12.840007,6.34,,72373
224.536680,-48.863011,6.34,,73241
230.195910,-2.413331,6.34,,75101
253.649820,-30.587340,6.34,,82731
256.720665,-1.656186,6.34,,83738
256.944525,40.516054,6.34,,83816
257.938500,7.894762,6.34,,84113
261.140835,15.606048,6.34,,85187
261.154335,-18.445762,6.34,,85195
265.295805,15.178376,6.34,,86546
271.167540,23.941999,6.34,,88528
272.140560,14.284716,6.34,,88862
281.504775,-19.606357,6.34,,92079
287.464980,-0.428114,6.34,,94149
287.757945,-39.004705,6.34,,94243
290.701455,9.913150,6.34,,95253
292.337070,20.279737,6.34,,95818
296.686095,68.437998,6.34,,97326
302.159490,10.725867,6.34,,99234
302.991240,-12.392403,6.34,Xi-1 Cap,99529
309.159720,-63.120963,6.34,,101684
310.807020,57.113996,6.34,,102258
311.588490,52.995297,6.34,,102499
315.967230,41.628175,6.34,,103963
316.189065,2.269771,6.34,,104048
331.790175,58.840718,6.34,,109190
342.496770,-32.805457,6.34,,112746
348.266625,29.441525,6.34,,114607
349.785675,-79.472409,6.34,,115129
352.002870,-35.544485,6.34,,115833
358.589190,-27.042907,6.34,,117860
3.794010,27.283440,6.35,,1215
4.057905,76.950755,6.35,,1296
4.923180,40.729461,6.35,,1575
16.455120,4.908372,6.35,,5141
20.627010,-19.081208,6.35,,6427
25.054620,53.868278,6.35,,7786
25.573725,58.627739,6.35,,7963
27.330885,-31.072463,6.35,,8480
33.658200,28.691185,6.35,,10446
37.018170,-64.299768,6.35,,11479
40.834305,-40.527905,6.35,,12708
40.963515,25.638343,6.35,,12744
43.216770,52.997353,6.35,,13424
55.047660,-15.226534,6.35,,17136
58.393650,25.682883,6.35,,18201
59.918715,10.330402,6.35,,18658
67.987275,36.742688,6.35,,21144
71.956560,-30.020372,6.35,Zet Cae,22280
80.247225,27.957262,6.35,,24984
82.144890,13.678979,6.35,,25638
85.362180,-33.400741,6.35,,26796
85.516605,22.660325,6.35,,26853
87.846240,-64.033566,6.35,,27660
89.140695,28.942266,6.35,,28117
91.118580,-45.036603,6.35,,28764
96.182280,25.048714,6.35,,30501
96.219870,16.057130,6.35,,30517
96.686880,-7.511936,6.35,,30675
99.171105,-22.614732,6.35,,31593
99.991170,44.014114,6.35,,31889
101.847735,18.193452,6.35,,32539
113.092800,-35.961188,6.35,,36657
119.317890,1.127029,6.35,,38870
119.801280,-49.976851,6.35,,39035
121.135995,-25.699737,6.35,,39514
121.791435,43.260365,6.35,,39722
128.250450,24.084790,6.35,Ups-2 Cnc,41940
128.853990,2.743449,6.35,,42142
129.805080,-60.317289,6.35,,42440
131.918310,-41.736792,6.35,,43177
133.274745,59.056140,6.35,,43624
154.925160,-65.137238,6.35,,50562
160.323000,-59.676916,6.35,,52308
161.877540,-69.437733,6.35,,52785
165.239115,-15.792682,6.35,,53849
168.061620,-32.433793,6.35,,54725
169.642665,-79.668651,6.35,,55225
171.458565,3.860110,6.35,,55791
175.114305,57.970404,6.35,,56944
186.870150,-58.316445,6.35,,60780
189.692835,40.874662,6.35,,61692
211.112415,-14.971708,6.35,,68763
213.102360,-24.363352,6.35,,69398
214.779825,-27.141147,6.35,,69977
225.161340,47.277441,6.35,,73454
226.646475,36.456063,6.35,,73941
235.064715,-31.213771,6.35,,76739
241.435650,-6.291129,6.35,,78849
246.884460,2.870633,6.35,,80610
247.662585,77.446514,6.35,,80850
253.114245,-40.723153,6.35,,82554
253.816620,13.619910,6.35,,82798
254.426280,24.381260,6.35,,83007
255.969420,19.690513,6.35,,83493
257.227170,-3.882991,6.35,,83906
260.389350,16.731229,6.35,,84938
273.991380,-3.617992,6.35,,89512
275.949870,53.300837,6.35,,90146
280.594275,-64.643044,6.35,,91733
281.327730,-21.001615,6.35,,92016
284.541825,-83.422198,6.35,,93117
285.103380,-24.942171,6.35,,93315
285.529320,52.261058,6.35,,93466
287.879085,26.735871,6.35,,94290
293.441790,5.465708,6.35,,96204
304.739745,39.004184,6.35,,100155
306.506655,13.911612,6.35,,100781
307.736670,-29.112666,6.35,,101211
308.218155,-24.943829,6.35,,101384
313.353990,-30.718954,6.35,,103103
321.096390,24.528393,6.35,,105689
323.477025,-82.683084,6.35,,106474
338.195445,15.863263,6.35,,111296
342.322740,-70.347982,6.35,,112694
344.677605,7.340074,6.35,,113465
349.328610,75.299025,6.35,,114984
349.929765,-33.708052,6.35,,115178
352.362450,-1.791213,6.35,,115945
354.127140,32.904215,6.35,,116505
0.181785,45.253334,6.36,,63
16.803825,-23.996334,6.36,,5259
19.350495,31.744617,6.36,,6025
20.838960,58.142994,6.36,,6486
29.472315,-65.424700,6.36,,9149
34.853190,-41.848367,6.36,,10832
38.866245,39.664380,6.36,,12057
42.699165,-39.932224,6.36,,13271
47.772015,-13.264284,6.36,,14797
50.567850,-25.587802,6.36,,15700
61.036275,-16.588728,6.36,,18990
63.398835,-40.357763,6.36,,19721
64.762035,-33.904617,6.36,,20138
72.651615,70.941528,6.36,,22508
73.743165,19.485388,6.36,,22850
78.648075,76.472761,6.36,,24440
81.814170,2.341200,6.36,,25505
84.440850,33.559167,6.36,,26463
90.423450,22.401001,6.36,,28561
92.334150,-18.126385,6.36,,29178
98.975160,-36.088632,6.36,,31509
99.213645,-41.557141,6.36,,31603
100.496790,6.345425,6.36,,32067
100.903080,-73.118208,6.36,,32222
103.978215,-31.790179,6.36,,33330
104.531475,-27.164381,6.36,,33532
108.491685,71.816584,6.36,,34956
110.571600,59.901996,6.36,,35735
112.166250,27.552938,6.36,,36325
118.151835,55.209443,6.36,,38449
118.751790,-52.583330,6.36,,38667
119.568975,43.977374,6.36,,38959
122.156850,-37.681221,6.36,,39866
127.401630,-55.190936,6.36,,41653
128.243760,-34.634039,6.36,,41939
128.257755,-45.752906,6.36,,41941
132.756105,15.350651,6.36,,43454
133.725165,-58.239658,6.36,,43763
138.210915,-60.916769,6.36,,45214
145.679595,48.431000,6.36,,47633
147.463965,-36.268463,6.36,,48219
151.420500,15.757506,6.36,,49445
153.537345,-23.813946,6.36,,50142
155.923995,29.615856,6.36,,50904
160.214760,-35.741718,6.36,,52273
163.119420,-79.559437,6.36,,53151
164.143455,25.500244,6.36,,53492
164.450790,-59.732190,6.36,,53589
179.794530,-45.832220,6.36,,58452
184.434420,15.144700,6.36,,59941
185.810835,-67.631546,6.36,,60417
186.925335,8.610344,6.36,,60804
199.374390,-0.676065,6.36,,64838
203.399580,-65.632690,6.36,,66152
209.955330,-3.549788,6.36,,68380
210.403380,17.668391,6.36,,68516
213.588795,-5.947717,6.36,,69564
216.415740,-66.172922,6.36,,70528
216.707820,-39.873989,6.36,,70626
217.403235,41.795911,6.36,,70873
224.148975,-39.416023,6.36,,73116
228.496620,-61.342977,6.36,,74552
230.278665,24.958020,6.36,,75125
233.586900,-39.349210,6.36,,76234
243.134040,75.210681,6.36,,79420
249.178920,15.497455,6.36,,81337
253.080195,-41.854514,6.36,,82543
254.459085,42.512451,6.36,,83013
259.585455,-32.553107,6.36,,84650
260.140485,48.188791,6.36,,84855
260.423175,-24.906103,6.36,,84947
262.447275,-5.919479,6.36,,85622
263.428245,14.841598,6.36,,85934
265.156455,43.470666,6.36,,86501
265.951710,-13.508699,6.36,,86769
269.100945,-65.721739,6.36,,87822
270.065310,0.629483,6.36,,88148
270.220245,6.268294,6.36,,88213
272.292600,30.469531,6.36,,88929
273.177570,41.146840,6.36,,89246
274.348920,-28.288975,6.36,,89620
276.014955,-3.583157,6.36,,90174
277.303635,-43.845939,6.36,,90597
278.086065,-14.644268,6.36,,90884
278.344620,-5.911718,6.36,,90967
278.998515,-29.699104,6.36,,91172
279.903660,5.264287,6.36,,91499
289.540710,-53.387086,6.36,,94858
294.704130,3.381522,6.36,,96630
296.204385,40.716803,6.36,,97151
302.780925,-57.524239,6.36,,99453
303.930195,50.232903,6.36,,99870
308.949210,-44.337606,6.36,,101623
310.048875,-23.773867,6.36,,101997
313.280700,29.649097,6.36,,103079
315.366750,-68.209593,6.36,,103752
319.071360,44.238222,6.36,,105017
324.058275,30.055422,6.36,,106661
328.572585,19.718121,6.36,,108119
330.505725,10.973806,6.36,,108766
331.143825,32.941744,6.36,,108969
332.370660,-23.659109,6.36,,109375
332.563800,72.111265,6.36,,109434
332.591820,14.629858,6.36,,109445
337.572285,-14.585734,6.36,,111086
340.380435,30.965861,6.36,,112032
342.088905,-61.684364,6.36,,112603
343.877475,-20.139404,6.36,,113204
348.652020,24.102898,6.36,,114742
357.299610,58.963202,6.36,,117472
358.102995,75.544588,6.36,,117712
20.495745,76.238804,6.37,,6378
22.428390,-25.617749,6.37,,6971
27.453600,-38.402797,6.37,,8514
29.039175,-49.836446,6.37,,9022
29.611170,-33.066787,6.37,,9207
33.990495,47.811937,6.37,,10562
46.169355,15.856023,6.37,,14318
47.647440,-23.738548,6.37,,14757
50.912460,4.882105,6.37,,15807
52.580805,71.863897,6.37,,16319
53.421825,57.868725,6.37,,16602
59.115255,-13.597531,6.37,,18428
61.839165,-64.222291,6.37,,19233
66.505620,4.373451,6.37,,20698
68.020035,5.410035,6.37,,21152
68.658915,-24.040500,6.37,,21324
77.435505,64.919490,6.37,,24017
79.822650,-18.519919,6.37,,24825
89.143485,-23.215310,6.37,,28118
92.757375,18.130465,6.37,,29326
93.438750,-23.861938,6.37,,29568
93.974880,1.169078,6.37,,29746
96.182895,-28.780112,6.37,,30503
101.052180,36.109258,6.37,,32268
102.914070,3.041991,6.37,,32931
106.287450,47.775044,6.37,,34168
113.983260,43.030959,6.37,,36965
114.559875,24.360441,6.37,,37165
116.182785,-66.071933,6.37,,37773
117.920370,-12.819405,6.37,,38372
119.806500,-49.973772,6.37,,39038
122.181585,-20.363173,6.37,,39876
130.999080,4.334558,6.37,,42854
136.531755,-64.499849,6.37,,44665
137.802975,80.828909,6.37,,45097
145.083615,-10.769185,6.37,,47454
157.152180,45.212211,6.37,,51290
163.057050,1.024973,6.37,,53141
177.730590,12.279037,6.37,,57779
181.499220,-3.131591,6.37,,59010
187.519905,-13.393184,6.37,,60994
198.857115,-69.679284,6.37,,64682
200.760840,-48.562791,6.37,,65303
203.591100,38.789265,6.37,,66223
219.852210,-49.055319,6.37,,71658
257.526150,-61.675456,6.37,,83984
260.380155,28.758101,6.37,,84934
262.009740,-8.208374,6.37,,85474
264.089250,27.566639,6.37,,86153
265.272855,24.513254,6.37,,86537
268.003755,46.643574,6.37,,87434
271.361505,-81.486568,6.37,,88599
276.480120,14.966232,6.37,,90337
282.689790,10.976392,6.37,,92475
284.861580,-18.566433,6.37,,93234
285.779160,-19.103024,6.37,,93543
290.891685,33.221966,6.37,,95319
292.339005,-7.044086,6.37,,95820
292.806480,55.731836,6.37,,96003
293.854710,2.913605,6.37,,96351
294.065355,14.391070,6.37,,96428
294.855570,16.571121,6.37,,96688
294.967290,-66.685505,6.37,,96734
295.794855,38.671713,6.37,,97029
301.360605,15.500412,6.37,,98954
307.992540,25.804977,6.37,,101300
315.858615,50.351914,6.37,,103929
327.905205,65.752710,6.37,,107893
332.177670,-33.125691,6.37,,109306
338.966610,56.070574,6.37,,111543
341.393715,30.442557,6.37,,112368
343.523520,-19.175149,6.37,,113080
345.688125,44.058750,6.37,,113802
351.036960,41.612874,6.37,,115530
352.021635,-11.449752,6.37,,115839
78.388750,-8.147778,6.37,,
1.084650,-29.268822,6.38,,345
9.948705,82.493762,6.38,,3132
12.738945,51.508032,6.38,,3965
24.632610,45.399706,6.38,,7651
26.504385,-27.348831,6.38,,8233
32.139825,44.459429,6.38,,9983
32.871645,57.645543,6.38,,10227
42.984315,-30.814520,6.38,,13363
45.875640,28.269906,6.38,,14232
46.947255,47.308709,6.38,,14544
52.973520,-25.614149,6.38,,16449
65.782320,-35.544815,6.38,,20467
66.329640,-44.160897,6.38,,20630
67.216620,30.361492,6.38,,20904
77.055240,-15.095354,6.38,,23908
82.687830,39.825916,6.38,,25810
85.921380,-45.832864,6.38,,27001
87.392190,-44.875394,6.38,,27512
90.722895,43.378334,6.38,,28642
97.905975,15.903501,6.38,,31105
109.264155,26.689485,6.38,,35253
111.615780,10.608067,6.38,,36123
112.214190,-64.509804,6.38,,36346
112.786605,11.202979,6.38,,36553
114.437595,-38.010425,6.38,,37128
116.938365,-16.014483,6.38,,38037
117.722625,0.079556,6.38,,38306
123.421125,-33.569528,6.38,,40291
128.139000,-15.030143,6.38,,41893
128.215035,-31.500853,6.38,,41926
132.468180,-39.141603,6.38,,43354
132.958485,-44.150931,6.38,,43520
138.339780,-29.664369,6.38,,45249
153.353220,-33.031722,6.38,,50075
154.884765,-5.106148,6.38,,50552
161.523675,6.373183,6.38,,52660
165.273735,63.421110,6.38,,53860
173.484585,36.815614,6.38,,56410
175.727535,-79.306389,6.38,,57137
178.685940,-66.376198,6.38,,58085
184.873095,28.156916,6.38,,60098
188.496495,-49.909810,6.38,,61328
190.994445,-36.349153,6.38,,62128
213.670665,21.873392,6.38,,69592
214.101240,39.744711,6.38,,69735
220.463490,-30.933156,6.38,,71853
223.725195,-69.860956,6.38,,72983
225.535725,-7.575299,6.38,,73571
232.300485,16.395618,6.38,,75810
240.518670,-51.120771,6.38,,78540
252.037005,13.590296,6.38,,82241
254.383500,13.884113,6.38,,82989
256.540185,9.733868,6.38,,83677
256.554375,10.453878,6.38,,83688
261.503610,26.878734,6.38,,85313
262.356705,-38.516920,6.38,,85589
265.773150,44.084320,6.38,,86713
271.253340,41.946290,6.38,,88565
272.406120,38.457777,6.38,,88972
272.430750,-13.934435,6.38,,88981
272.489895,-59.040182,6.38,,89006
291.610320,62.557145,6.38,,95576
296.415225,36.091022,6.38,,97228
299.720610,-68.762583,6.38,,98346
301.272555,-11.599413,6.38,,98910
305.512740,41.132137,6.38,,100434
306.597795,56.638698,6.38,,100808
309.467595,-25.109220,6.38,,101808
311.949495,3.306467,6.38,,102631
313.273320,-11.573659,6.38,,103077
318.426960,64.403952,6.38,,104788
318.654375,0.092256,6.38,,104872
321.033030,-22.747101,6.38,,105662
321.215310,-3.398357,6.38,,105729
327.554085,-16.844914,6.38,,107797
331.264425,14.815918,6.38,,109009
331.556490,56.343396,6.38,,109124
334.123530,27.804030,6.38,,109977
335.461950,42.078156,6.38,,110408
339.572505,45.182935,6.38,,111753
344.598585,-1.410209,6.38,,113433
346.770930,35.636491,6.38,,114152
350.619075,25.918483,6.38,,115389
354.512625,-15.095108,6.38,,116624
268.439583,-34.786111,6.38,,
5.715765,-12.209438,6.39,,1803
8.730690,13.371137,6.39,,2734
11.659695,69.325408,6.39,,3641
12.826350,3.385020,6.39,,3992
14.229360,68.775657,6.39,,4446
19.557870,57.803166,6.39,,6093
23.031570,34.799962,6.39,,7147
23.968950,41.076420,6.39,,7444
24.181365,7.831529,6.39,,7505
31.716870,-19.138869,6.39,,9862
36.360300,-66.494026,6.39,,11293
51.482655,-35.920885,6.39,Chi-1 For,15987
53.639940,-31.874801,6.39,,16672
60.311805,36.989477,6.39,,18769
64.465995,80.535783,6.39,,20039
80.169525,66.746878,6.39,,24955
82.237125,-3.307429,6.39,,25667
91.121280,51.573395,6.39,,28765
94.099140,17.181607,6.39,,29798
96.468030,11.125884,6.39,,30602
98.361135,-20.923961,6.39,,31266
99.403725,10.853293,6.39,,31662
103.535790,-5.852188,6.39,,33154
105.207270,-33.465530,6.39,,33774
111.671730,11.008833,6.39,,36141
114.006705,-55.887708,6.39,,36977
116.686305,-12.675313,6.39,,37951
123.587475,13.048296,6.39,,40354
127.794300,-47.866620,6.39,,41781
130.026750,20.007788,6.39,,42516
133.170075,-52.128906,6.39,,43593
133.982940,-23.818303,6.39,,43853
135.419865,39.713518,6.39,,44331
135.772245,-53.550372,6.39,,44423
136.862145,22.980872,6.39,,44768
144.484425,73.080394,6.39,,47260
145.672305,-35.501709,6.39,,47627
149.022240,-40.824546,6.39,,48706
149.091240,-51.336158,6.39,,48730
155.886075,-3.642854,6.39,,50893
166.601205,-64.839972,6.39,,54289
168.145005,-21.749339,6.39,,54749
180.935175,5.557750,6.39,,58809
185.903115,-39.302360,6.39,,60454
185.949285,-30.335415,6.39,,60468
189.759090,22.659497,6.39,,61719
189.820245,35.951959,6.39,,61748
190.767330,61.155421,6.39,,62046
207.747060,68.315300,6.39,,67589
211.060665,-5.381416,6.39,,68739
211.604835,-59.715905,6.39,,68902
212.059515,-63.207950,6.39,,69065
216.008250,27.413177,6.39,,70385
217.735920,-40.845122,6.39,,70966
218.334450,36.959023,6.39,,71168
218.821080,-60.015644,6.39,,71333
219.028635,23.250359,6.39,,71406
220.867260,-62.966671,6.39,,72000
224.159760,-62.364417,6.39,,73118
232.704960,-71.654136,6.39,,75959
232.842945,36.616599,6.39,,76006
238.053375,-29.886552,6.39,,77729
241.499220,-6.139754,6.39,,78870
243.027270,39.055524,6.39,,79385
244.540815,68.554545,6.39,,79867
268.611405,75.171307,6.39,,87670
272.499840,-32.719635,6.39,,89010
275.279775,49.725466,6.39,,89943
281.954955,-77.868249,6.39,,92233
285.451545,33.621257,6.39,,93437
288.116820,-21.658382,6.39,,94372
293.755140,52.502018,6.39,,96316
296.159055,34.414164,6.39,,97142
299.006805,-81.349840,6.39,,98086
300.703380,31.958832,6.39,,98701
302.027100,16.664390,6.39,,99176
302.791995,-8.842344,6.39,,99457
306.782385,34.329069,6.39,,100866
309.966150,11.249649,6.39,,101966
320.255940,40.345066,6.39,,105406
322.103490,8.195645,6.39,,106021
322.250490,-53.705912,6.39,,106065
323.816475,-23.454313,6.39,,106590
329.099940,21.239858,6.39,,108296
330.469335,-77.662544,6.39,,108759
330.609375,-16.964836,6.39,,108797
333.182790,-4.720679,6.39,,109647
334.517805,-0.237656,6.39,,110091
337.922160,-10.905561,6.39,,111200
338.953350,-17.460424,6.39,,111539
340.767990,47.168755,6.39,,112170
343.648440,16.941834,6.39,,113131
346.323465,1.307127,6.39,,114005
350.059890,61.970129,6.39,,115218
352.754760,-6.288082,6.39,,116060
352.989855,-1.085885,6.39,,116146
6.993615,19.514039,6.40,,2213
9.325905,-54.393819,6.40,,2937
15.128805,70.982988,6.40,,4709
17.549775,-8.906135,6.40,,5485
18.290970,61.706188,6.40,,5688
30.617775,-29.665642,6.40,,9521
32.346285,17.224196,6.40,,10050
35.480985,57.242916,6.40,,11020
39.503130,7.695276,6.40,,12272
41.079630,17.763928,6.40,,12784
49.416900,31.127048,6.40,,15323
50.188335,-26.606506,6.40,,15585
50.389290,-47.776661,6.40,,15655
54.449295,15.430552,6.40,,16924
55.636260,-85.261964,6.40,,17328
69.330255,-41.872944,6.40,,21525
73.290780,52.841155,6.40,,22720
77.685795,-25.910463,6.40,,24114
80.110035,-5.367528,6.40,,24925
83.899605,-3.252840,6.40,,26263
84.817605,-17.849408,6.40,,26602
85.337400,29.487418,6.40,,26781
88.165275,39.574705,6.40,,27777
94.465590,-52.733031,6.40,,29913
96.495120,-7.894983,6.40,,30608
104.866380,25.914171,6.40,,33650
106.505100,59.801850,6.40,,34250
110.555880,38.995944,6.40,,35725
113.353455,37.187897,6.40,,36740
114.030885,-22.160505,6.40,,36986
114.850815,-16.847292,6.40,,37289
115.542585,-58.630918,6.40,,37530
116.058570,12.860071,6.40,,37723
121.456800,-0.573320,6.40,,39625
123.214815,-37.924470,6.40,,40220
125.539710,74.820364,6.40,,41011
128.623770,-27.098161,6.40,,42071
139.463985,11.501146,6.40,,45614
139.949730,-34.103339,6.40,,45754
140.348355,45.370101,6.40,,45888
144.464610,-9.424446,6.40,,47249
144.938070,-62.942923,6.40,,47422
151.898835,-48.260820,6.40,,49619
162.207780,65.132491,6.40,,52877
163.863420,-43.020528,6.40,,53411
166.683450,17.737364,6.40,,54319
168.045465,68.271870,6.40,,54721
172.720890,47.928918,6.40,,56170
174.751830,-24.721093,6.40,,56830
182.631795,16.809271,6.40,,59352
189.194250,-50.335394,6.40,,61557
201.811095,-40.162665,6.40,,65621
202.428270,-23.281331,6.40,,65835
206.795280,-62.589714,6.40,,67261
213.838815,-53.509941,6.40,,69655
217.216305,-47.992086,6.40,,70809
220.475970,21.123551,6.40,,71857
226.733220,-52.029779,6.40,,73966
233.351325,-40.490852,6.40,,76165
239.979735,-78.027277,6.40,,78360
241.025835,-59.176182,6.40,,78710
243.439575,-24.422092,6.40,,79530
244.245630,-53.696234,6.40,,79787
244.246665,-20.104088,6.40,,79788
250.319730,1.245444,6.40,,81691
254.105400,65.039124,6.40,,82898
255.279270,-56.555077,6.40,,83269
264.033750,28.185091,6.40,,86130
265.823790,-27.883981,6.40,,86725
271.951545,-64.550177,6.40,,88815
278.372745,-58.708784,6.40,,90981
280.426920,-14.564244,6.40,,91677
281.408610,79.942673,6.40,,92040
289.712265,0.339024,6.40,,94913
290.945535,20.264356,6.40,,95340
309.034740,25.882648,6.40,,101641
319.725825,-28.765820,6.40,,105228
320.319165,-49.938248,6.40,,105425
326.301660,52.267577,6.40,,107398
335.164665,50.980814,6.40,,110316
340.809435,-6.962937,6.40,,112179
343.812075,-36.388579,6.40,,113189
353.883630,-7.464431,6.40,,116428
355.630950,61.679363,6.40,,116962
8.809890,-3.593069,6.40,,
9.335685,-24.766593,6.40,,
195.940125,-20.583353,6.40,,
317.339055,-73.175927,6.40,,
2.136930,63.204040,6.41,,695
8.330100,70.981843,6.41,,2628
8.432550,-35.002078,6.41,,2663
11.676930,59.574539,6.41,,3649
16.750530,56.934972,6.41,,5240
17.530725,-57.694419,6.41,,5477
23.714880,-23.699681,6.41,,7363
44.385945,-38.190925,6.41,,13789
47.333880,20.761123,6.41,,14649
49.381395,65.658367,6.41,,15309
52.265850,3.248704,6.41,,16226
52.954320,49.401093,6.41,,16447
54.500745,42.582843,6.41,,16938
63.001140,-17.274732,6.41,,19601
67.039440,-41.959833,6.41,,20856
81.661785,6.868658,6.41,,25453
82.003890,33.763703,6.41,,25580
82.006125,1.298251,6.41,,25582
85.418070,-2.896457,6.41,,26820
90.538860,-60.096830,6.41,,28596
95.299650,29.540816,6.41,,30200
95.827050,3.764489,6.41,,30382
103.189305,-59.341195,6.41,,33012
104.682075,-30.998037,6.41,,33591
115.340520,-44.632168,6.41,,37461
120.183900,-2.881917,6.41,,39172
128.633100,-32.598744,6.41,,42075
131.336535,-2.601062,6.41,,42951
132.688020,18.832183,6.41,,43427
133.161240,-36.545342,6.41,,43590
140.882430,25.182840,6.41,,46058
144.406320,60.213682,6.41,,47231
150.705900,-62.156667,6.41,,49223
157.663515,-61.356474,6.41,,51461
165.106515,51.502101,6.41,,53798
168.134940,35.814080,6.41,,54745
170.017290,-71.994337,6.41,,55350
180.618960,-71.488981,6.41,,58706
186.111690,25.582404,6.41,,60525
188.136720,-21.212116,6.41,,61208
190.868160,-58.902742,6.41,,62084
204.531780,-58.414646,6.41,,66521
213.720915,3.335878,6.41,,69614
215.813985,-47.416960,6.41,,70320
223.347285,15.705167,6.41,,72846
226.704420,-16.484361,6.41,,73953
236.248260,-50.785463,6.41,,77138
236.856450,-40.194210,6.41,,77350
237.007470,31.735615,6.41,,77397
243.620355,-21.107636,6.41,,79599
245.735400,32.333013,6.41,,80247
254.760720,69.186248,6.41,,83114
255.571275,31.884120,6.41,,83365
266.780385,-38.112164,6.41,,87042
267.470880,-61.714704,6.41,,87264
268.492230,-34.831053,6.41,,87624
270.810675,19.613157,6.41,,88429
275.988660,38.739210,6.41,,90163
278.028705,3.659603,6.41,,90858
280.422120,31.617612,6.41,,91675
306.173985,1.368563,6.41,,100672
307.181625,-15.741499,6.41,,101011
308.776320,-71.188779,6.41,,101570
311.836530,45.579934,6.41,,102585
313.527375,-27.925239,6.41,,103168
316.173495,2.942274,6.41,,104041
319.306410,-13.278989,6.41,,105079
322.393740,6.581379,6.41,,106103
323.678205,1.829161,6.41,,106544
328.981815,-30.605920,6.41,,108259
329.296230,66.156153,6.41,,108364
332.067855,49.796990,6.41,,109272
335.151090,-57.509783,6.41,,110311
337.506165,-12.915116,6.41,,111066
337.527135,49.356412,6.41,,111072
338.077935,54.037032,6.41,,111247
346.793535,59.727394,6.41,,114163
348.590490,29.771831,6.41,,114725
350.143905,62.213264,6.41,,115245
352.929300,28.403489,6.41,,116119
353.120955,23.843609,6.41,,116187
357.162675,64.876450,6.41,,117430
21.613950,-0.399034,6.42,,6717
21.861135,41.101158,6.42,,6794
27.907500,-6.874143,6.42,,8664
29.290035,-10.242427,6.42,,9094
47.536830,27.819766,6.42,,14719
53.162400,44.855759,6.42,,16516
53.214630,-61.016872,6.42,,16531
66.060345,12.157987,6.42,,20558
72.735540,-53.459698,6.42,Iot Pic,22534
74.037375,7.904696,6.42,,22938
75.967185,-14.370231,6.42,,23551
77.909640,29.903580,6.42,,24193
79.171005,1.947328,6.42,,24607
83.434725,-54.902289,6.42,,26079
84.862950,21.762929,6.42,,26616
89.940945,55.320857,6.42,,28385
91.663245,63.453838,6.42,,28951
96.539790,-3.515691,6.42,,30627
102.885720,-48.292754,6.42,,32918
108.830865,-0.161283,6.42,,35080
110.508555,-8.979377,6.42,,35707
112.219320,46.314618,6.42,,36351
115.928835,-38.201879,6.42,,37666
117.384645,12.814250,6.42,,38196
119.524560,7.213530,6.42,,38945
122.757015,-37.292372,6.42,,40063
124.442295,-36.067591,6.42,,40639
124.560090,15.677920,6.42,,40675
125.683605,60.631236,6.42,,41060
127.121475,-2.517126,6.42,,41564
130.092030,19.669938,6.42,,42549
130.737495,-35.943301,6.42,,42775
132.060945,-28.638800,6.42,,43215
132.156045,-1.044836,6.42,,43246
133.461495,-40.447542,6.42,,43673
139.982340,74.016601,6.42,,45764
147.840075,-6.181928,6.42,,48351
150.300000,-56.096559,6.42,,49092
151.097370,-39.975858,6.42,,49343
153.338295,-61.658829,6.42,,50067
154.744755,46.760778,6.42,,50509
154.752960,24.712138,6.42,,50516
157.016070,48.784901,6.42,,51248
157.076130,-63.164565,6.42,,51265
157.265430,-65.176244,6.42,,51327
159.467775,34.078623,6.42,,52032
162.370035,63.810029,6.42,,52929
168.928155,-57.355882,6.42,,55003
178.242300,37.718679,6.42,Groombridge 1830,57939
179.529945,32.273907,6.42,,58369
179.726565,-25.908857,6.42,,58436
191.964210,3.572716,6.42,,62443
193.383810,19.481061,6.42,,62904
202.190910,50.718569,6.42,,65754
202.312155,-1.364428,6.42,,65796
206.305980,10.325305,6.42,,67104
206.560515,-54.683368,6.42,,67199
209.495310,-25.998079,6.42,,68224
212.880015,1.362399,6.42,,69340
214.971675,-6.746167,6.42,,70038
216.092355,-82.848250,6.42,,70418
240.294660,-63.776538,6.42,,78476
248.859540,17.057342,6.42,,81231
258.615225,-39.766650,6.42,,84332
260.658150,-35.910699,6.42,,85019
261.730410,-25.943462,6.42,,85391
261.933660,8.442039,6.42,,85450
263.062005,11.930047,6.42,,85826
270.115245,19.505786,6.42,,88172
272.160780,-21.449562,6.42,,88876
278.347095,8.268251,6.42,,90971
289.252185,-65.227702,6.42,,94770
290.657205,-51.231276,6.42,,95239
295.517265,55.463222,6.42,,96919
297.210825,33.437283,6.42,,97485
308.499690,4.898664,6.42,,101489
308.697450,-30.473472,6.42,,101552
312.696450,-32.054604,6.42,,102901
313.001625,32.848894,6.42,,102993
319.328295,58.611485,6.42,,105091
322.249650,17.905909,6.42,,106064
323.012010,-84.810069,6.42,,106320
323.720835,-29.696117,6.42,,106564
335.684160,-45.947944,6.42,Pi-1 Gru,110478
339.151380,11.696636,6.42,,111601
346.003245,6.616338,6.42,,113904
318.698310,38.045192,6.42,,
0.099570,26.918108,6.43,,34
1.933800,-2.548679,6.43,,635
3.978585,61.000172,6.43,,1269
5.768310,-15.942556,6.43,,1821
9.156735,-65.124445,6.43,,2889
9.377040,3.135351,6.43,,2954
9.703245,-25.107819,6.43,,3056
21.847125,-22.338232,6.43,,6789
23.960730,-39.947126,6.43,,7443
24.466950,-3.440678,6.43,,7597
28.831950,-60.312484,6.43,,8957
31.051950,-11.859770,6.43,,9655
33.423375,58.560586,6.43,,10379
33.473145,-9.064630,6.43,,10396
53.754255,60.041429,6.43,,16712
56.512080,24.527898,6.43,,17588
62.691135,-35.273787,6.43,,19509
73.377045,-66.675413,6.43,,22737
77.402715,69.639401,6.43,Mago,24003
80.182335,2.544780,6.43,,24960
84.572580,-50.640995,6.43,,26515
93.302085,10.627144,6.43,,29525
96.898005,32.562946,6.43,,30741
99.881175,24.600162,6.43,,31850
101.216475,-27.341666,6.43,,32322
107.527860,21.246985,6.43,,34608
110.617995,0.700831,6.43,,35751
115.087560,-11.752552,6.43,,37375
117.750330,-24.528557,6.43,,38316
123.960465,60.380602,6.43,,40474
124.492830,-30.003697,6.43,,40656
127.082445,-8.816280,6.43,,41547
132.036570,-42.463446,6.43,,43209
133.272150,-16.952471,6.43,,43623
136.199925,-57.852573,6.43,,44565
143.076645,-28.627769,6.43,,46810
143.282025,-39.129073,6.43,,46874
149.432925,-1.941750,6.43,,48839
151.035135,3.201055,6.43,,49329
152.909205,13.355114,6.43,,49929
159.317160,-53.855260,6.43,,51984
161.134965,-70.855255,6.43,,52537
167.991015,-26.806114,6.43,,54703
170.455485,57.074857,6.43,,55485
170.487765,-77.608369,6.43,,55497
173.745435,-4.361291,6.43,,56500
190.859415,-40.177849,6.43,,62081
191.973540,-24.851659,6.43,,62448
192.572040,22.863408,6.43,,62653
196.207380,73.024976,6.43,,63822
196.378320,-52.115660,6.43,,63883
197.085405,-78.446030,6.43,,64108
199.134435,19.785289,6.43,,64779
205.727655,-50.790236,6.43,,66923
207.437235,36.632823,6.43,,67483
207.580815,-39.900855,6.43,,67537
207.834840,-24.390368,6.43,,67620
211.735215,74.593781,6.43,,68956
211.920075,-48.704026,6.43,,69011
216.170085,-44.311134,6.43,,70451
221.545350,-21.175966,6.43,,72217
232.244430,-28.866891,6.43,,75790
242.358285,55.828975,6.43,,79164
242.480310,-18.340620,6.43,,79203
248.782305,-45.244366,6.43,,81198
255.443145,-51.131026,6.43,,83321
259.943760,2.139539,6.43,,84780
262.667535,38.882202,6.43,,85688
262.947330,-33.703158,6.43,,85786
267.993585,15.326372,6.43,,87427
273.467580,2.393465,6.43,,89347
276.925500,59.549112,6.43,,90476
280.008030,30.849471,6.43,,91533
284.801220,39.217321,6.43,,93210
294.290070,29.333700,6.43,,96503
295.311045,22.452773,6.43,,96856
296.172075,8.726538,6.43,,97144
301.959870,9.399833,6.43,,99158
307.499670,45.928556,6.43,,101133
310.188075,19.935536,6.43,,102040
319.635120,61.184393,6.43,,105193
322.958970,23.845179,6.43,,106306
323.138580,-24.590418,6.43,,106363
323.323395,-52.737773,6.43,,106419
325.992120,22.815289,6.43,,107297
328.610610,80.308559,6.43,,108133
332.491080,-48.107661,6.43,,109408
337.724040,-26.073752,6.43,Zet PsA,111138
338.147805,20.230019,6.43,,111278
340.731030,37.802735,6.43,,112144
341.204670,52.517208,6.43,,112300
344.646165,9.356859,6.43,,113445
345.547170,44.572858,6.43,,113750
345.838995,58.563854,6.43,,113852
346.276200,16.562837,6.43,,113994
347.456460,-14.510552,6.43,,114371
348.051855,-80.912700,6.43,,114550
351.647805,-21.740836,6.43,,115709
352.253400,-44.498068,6.43,,115907
355.561125,44.991715,6.43,,116941
6.879450,16.025483,6.44,,2178
7.087920,-20.335051,6.44,,2237
13.301895,-24.776876,6.44,,4164
14.331525,61.421895,6.44,,4475
16.135755,-33.532845,6.44,,5042
16.998600,1.993042,6.44,,5315
18.438600,7.578261,6.44,Zet Psc,5743
19.695870,37.386275,6.44,,6140
21.598305,20.070804,6.44,,6714
23.713830,-3.523889,6.44,,7362
27.859815,-39.835935,6.44,,8641
27.942075,-15.647480,6.44,,8688
28.452045,55.597639,6.44,,8847
31.212540,7.735664,6.44,,9706
34.844610,48.955463,6.44,,10830
42.647055,36.948328,6.44,,13257
49.297725,40.482979,6.44,,15282
57.027255,24.988416,6.44,,17759
66.405480,15.941010,6.44,,20661
81.402075,-1.491294,6.44,,25368
83.140605,57.221071,6.44,,25973
84.786255,41.358562,6.44,,26592
89.204190,-31.976247,6.44,,28138
94.078380,-59.213504,6.44,,29788
97.549245,-19.214889,6.44,,30988
98.292660,-38.625190,6.44,,31241
98.692995,7.572482,6.44,,31385
99.363705,24.590851,6.44,,31650
105.564495,-43.403870,6.44,,33909
105.989400,-10.123765,6.44,,34066
113.464665,51.314147,6.44,,36779
119.589360,-51.448472,6.44,,38963
122.554620,25.844481,6.44,,40007
123.846915,-50.449222,6.44,,40433
124.872975,-34.590137,6.44,,40787
126.414015,-17.439405,6.44,,41306
127.374195,-54.211761,6.44,,41644
128.802180,-39.970452,6.44,,42123
136.679790,59.344520,6.44,,44717
146.858190,11.568165,6.44,,48029
163.133670,52.503605,6.44,,53157
165.151170,-53.111831,6.44,,53811
165.816915,-31.960849,6.44,,54030
165.864060,70.030740,6.44,,54038
166.892235,-48.639982,6.44,,54380
169.411950,-34.737348,6.44,,55164
171.994455,-35.328849,6.44,,55953
175.285110,-29.196274,6.44,,57001
180.935535,-74.214096,6.44,,58810
184.758435,26.008349,6.44,,60066
194.578605,64.925533,6.44,,63297
196.277790,-47.116910,6.44,,63849
200.987850,-20.924587,6.44,,65381
201.127215,12.431832,6.44,,65417
206.066715,-51.012454,6.44,,67036
214.089090,-6.621544,6.44,,69727
221.328480,-51.314927,6.44,,72135
222.875265,-77.175970,6.44,,72670
227.895030,-45.277459,6.44,,74336
229.229175,-46.202355,6.44,,74775
231.634095,54.020294,6.44,,75587
232.330320,-38.634999,6.44,,75818
247.525215,48.961090,6.44,,80809
249.698865,-8.618610,6.44,,81499
257.002890,31.206189,6.44,,83834
261.252465,67.306705,6.44,,85235
261.491145,-1.651777,6.44,,85307
265.778595,-33.051289,6.44,,86716
267.329340,1.961413,6.44,,87224
285.267915,-37.061555,6.44,,93371
285.455955,22.264412,6.44,,93443
287.217915,-55.720425,6.44,,94054
287.415645,-39.827238,6.44,,94130
291.025230,36.452094,6.44,,95370
294.420075,35.022536,6.44,,96546
297.127140,10.694100,6.44,,97454
297.472575,-66.813069,6.44,,97569
299.483820,42.260771,6.44,,98253
300.934635,-22.595595,6.44,,98785
304.025025,4.580795,6.44,Chechia,99894
306.270855,59.600097,6.44,,100714
306.809130,20.476485,6.44,,100876
313.493280,-6.889461,6.44,,103154
317.492775,2.943681,6.44,,104481
326.435415,35.857311,6.44,,107445
332.500620,-28.292435,6.44,,109412
335.779245,55.963230,6.44,,110504
345.431580,3.530910,6.44,,113705
346.632810,19.910853,6.44,,114096
349.319370,45.164167,6.44,,114981
353.983095,24.561012,6.44,,116465
355.771020,51.939335,6.44,,116991
357.456645,-25.331336,6.44,,117510
9.013155,-14.973035,6.45,,2846
26.181990,-6.766164,6.45,,8143
31.146195,-54.881689,6.45,,9685
34.188765,83.561414,6.45,,10623
34.741455,23.167815,6.45,,10795
36.083820,-25.847459,6.45,,11212
36.847470,10.198326,6.45,,11427
36.999705,1.960846,6.45,,11474
41.879805,44.272198,6.45,,13036
42.362145,37.326411,6.45,,13176
53.384160,58.765240,6.45,,16587
56.026560,-40.660289,6.45,,17436
56.404560,38.676262,6.45,,17558
62.983905,-8.837485,6.45,,19590
63.408960,-1.149737,6.45,,19725
65.406315,-6.284172,6.45,,20360
69.767910,-51.672752,6.45,,21666
75.500100,1.608865,6.45,,23419
79.044000,-11.352553,6.45,,24560
80.845290,28.936761,6.45,,25192
83.510295,-7.023750,6.45,,26104
84.739050,26.618068,6.45,,26571
93.248220,6.016258,6.45,,29509
96.110760,-63.428929,6.45,,30480
98.636655,55.353042,6.45,,31359
100.337070,28.196638,6.45,,32019
101.673630,-54.695028,6.45,,32477
109.450050,-26.797556,6.45,,35326
110.028510,15.142928,6.45,,35548
117.677130,-44.579945,6.45,,38292
118.807710,-30.917643,6.45,,38686
120.264180,-6.419195,6.45,,39198
123.713505,-46.485892,6.45,,40397
124.224810,84.057642,6.45,,40559
124.773285,-48.197853,6.45,,40749
129.686730,-53.090381,6.45,,42400
131.395275,4.664376,6.45,,42981
139.237710,-11.103111,6.45,,45543
141.154725,-70.075779,6.45,,46143
144.441405,-3.170642,6.45,,47242
146.341695,-30.202750,6.45,,47868
147.758265,13.066239,6.45,,48324
151.985970,-62.221416,6.45,,49642
153.158205,-19.153040,6.45,,50013
155.061780,53.779391,6.45,,50606
155.868210,-0.902244,6.45,,50887
160.967760,-60.117783,6.45,,52488
163.389225,-56.420501,6.45,,53260
163.798215,-20.664963,6.45,,53387
172.313085,-63.553937,6.45,,56050
173.765655,20.441545,6.45,Formosa,56508
193.408845,-4.224662,6.45,,62915
203.143635,-29.565263,6.45,,66060
207.615645,58.539458,6.45,,67548
211.923075,-49.867607,6.45,,69012
212.252475,-10.334546,6.45,,69127
213.648360,13.975451,6.45,,69585
215.036115,30.429128,6.45,,70051
219.368610,2.277238,6.45,,71510
224.808030,-37.881234,6.45,,73341
232.236765,55.194937,6.45,,75788
232.594875,31.285932,6.45,,75919
234.667005,-8.791490,6.45,,76603
234.789675,57.924426,6.45,,76651
235.048335,-70.227883,6.45,,76736
243.410820,-1.475133,6.45,,79522
245.986335,-33.199396,6.45,,80324
247.088145,67.044000,6.45,,80682
252.650340,-50.044946,6.45,,82418
256.270590,43.812238,6.45,,83593
270.392520,-85.214828,6.45,,88274
274.532205,23.296907,6.45,,89683
276.138030,-49.652879,6.45,,90223
280.050825,38.367195,6.45,,91552
280.819050,39.300066,6.45,,91820
284.113485,-31.689025,6.45,,92972
286.291005,49.923166,6.45,,93733
297.478005,28.439674,6.45,,97572
300.911655,22.941058,6.45,,98772
302.085315,-66.354691,6.45,,99200
306.504855,19.865494,6.45,,100779
308.731140,-38.089890,6.45,,101558
309.750765,56.004850,6.45,,101900
312.322470,64.042257,6.45,,102771
316.935495,-45.379469,6.45,,104296
318.904905,47.973995,6.45,,104962
319.074060,-9.214656,6.45,,105019
320.208525,32.452221,6.45,,105390
321.464940,0.534340,6.45,,105819
323.641560,22.754521,6.45,,106527
326.753595,70.150882,6.45,,107555
331.099320,-29.916530,6.45,,108952
332.625765,20.977984,6.45,,109458
335.709510,36.659047,6.45,,110487
340.764225,-8.311441,6.45,,112168
341.265270,58.147050,6.45,,112324
352.273665,23.048083,6.45,,115915
358.977825,15.230291,6.45,,117986
359.292150,-20.833643,6.45,,118081
253.549167,-41.850278,6.45,,
0.782715,-24.145145,6.46,,253
4.386255,-19.051092,6.46,,1402
5.128860,48.968633,6.46,,1639
14.038005,13.951960,6.46,,4382
15.756345,47.376158,6.46,,4911
23.452305,89.015639,6.46,,7283
29.691660,-11.300955,6.46,,9237
33.208200,79.691540,6.46,,10309
42.941235,58.314291,6.46,,13347
48.952785,50.955890,6.46,,15193
57.332265,57.118268,6.46,,17858
58.641465,-52.690426,6.46,,18275
71.241285,-63.229715,6.46,,22081
71.501790,76.611042,6.46,,22152
75.096735,39.654653,6.46,,23268
85.192470,-10.408664,6.46,,26728
92.198760,-6.821373,6.46,,29140
101.743845,-87.024964,6.46,,32500
103.487805,38.505018,6.46,Psi-8 Aur,33133
104.651580,-56.394849,6.46,,33577
106.817835,-59.716416,6.46,,34350
108.204525,27.224823,6.46,,34860
116.031810,2.405422,6.46,,37705
116.810835,-36.073600,6.46,,37996
119.478345,-40.784352,6.46,,38925
122.585700,-49.237347,6.46,,40016
129.852315,8.017600,6.46,,42462
130.540890,-11.966008,6.46,,42701
136.024095,-47.441450,6.46,,44509
136.229520,32.376833,6.46,,44574
138.512880,-14.694842,6.46,,45305
144.028260,74.318805,6.46,,47119
154.117035,28.682479,6.46,,50316
161.973090,-64.262842,6.46,,52815
169.309725,-41.934326,6.46,,55133
169.961715,-72.958291,6.46,,55332
174.584865,-63.372747,6.46,,56769
178.607775,-37.748935,6.46,,58057
185.633490,5.305444,6.46,,60353
188.018295,-32.533761,6.46,,61172
189.810915,-75.370594,6.46,,61738
199.059540,19.051734,6.46,,64751
203.678325,76.546710,6.46,,66251
203.681595,-33.310854,6.46,,66254
204.759525,18.265323,6.46,,66594
217.181250,-59.197548,6.46,,70798
218.565945,57.065258,6.46,,71251
229.215870,-47.864544,6.46,,74769
230.757435,-15.134036,6.46,,75294
234.222585,29.991182,6.46,,76456
235.980330,-60.287217,6.46,,77042
241.088850,-53.710375,6.46,,78731
247.176315,0.054855,6.46,,80708
247.625070,-7.514451,6.46,,80840
250.911345,-32.105945,6.46,,81891
254.254410,-71.111644,6.46,,82944
257.071155,50.842272,6.46,,83857
259.273080,-44.778595,6.46,,84556
260.219295,-10.696410,6.46,,84883
261.350370,52.790684,6.46,,85268
269.232915,-40.305643,6.46,,87865
271.538400,-51.743905,6.46,,88675
275.229945,-37.487648,6.46,,89920
282.189210,-18.601150,6.46,,92301
288.889020,18.516353,6.46,,94646
297.482550,27.085182,6.46,,97573
299.188200,50.902523,6.46,,98146
302.265990,-47.067930,6.46,,99270
304.706955,46.322194,6.46,,100142
305.216220,-35.673676,6.46,,100332
309.774420,-4.929494,6.46,,101911
317.628990,47.692224,6.46,,104537
320.951625,37.351481,6.46,,105637
326.327970,-49.498761,6.46,,107409
330.111255,33.005928,6.46,,108632
334.368000,49.126957,6.46,,110055
335.161545,58.409904,6.46,,110314
335.250240,26.935162,6.46,,110346
336.689820,37.443706,6.46,,110790
339.686145,-28.748214,6.46,,111801
343.217685,50.412285,6.46,,112986
344.787510,59.814655,6.46,,113498
345.642060,-36.420880,6.46,,113784
351.016590,-21.774411,6.46,,115522
356.201595,55.799687,6.46,,117133
1.254930,27.674784,6.47,,410
2.250675,28.247543,6.47,,728
4.674435,-8.053001,6.47,,1499
8.603745,66.750351,6.47,,2707
11.423775,-16.424220,6.47,,3576
14.578725,21.404495,6.47,,4558
15.411015,-16.265573,6.47,,4801
34.836630,-2.977643,6.47,Mira,10826
35.777490,-37.576144,6.47,,11121
41.796375,-22.485750,6.47,,13008
43.227690,-65.455291,6.47,,13429
47.225760,62.384596,6.47,,14626
50.901270,0.910087,6.47,,15800
51.647445,28.715087,6.47,,16042
57.237240,23.857135,6.47,,17832
57.567345,-1.522574,6.47,,17950
60.853110,-20.143796,6.47,,18926
63.498750,37.967147,6.47,,19746
67.509540,10.262214,6.47,,20985
76.790640,-19.391868,6.47,,23818
80.480460,-17.603631,6.47,,25059
86.255370,12.888332,6.47,,27116
86.750190,51.520871,6.47,,27293
87.998280,-29.449426,6.47,,27705
95.776545,56.976349,6.47,,30357
95.945505,-58.543871,6.47,,30423
101.053320,-54.695507,6.47,,32269
101.475825,12.693561,6.47,,32404
103.196415,-43.975594,6.47,,33015
106.318245,-50.360042,6.47,,34177
106.559610,-68.837580,6.47,,34270
106.853655,28.176695,6.47,,34367
111.115200,15.517195,6.47,,35933
111.857670,66.331571,6.47,,36211
122.396595,29.093076,6.47,,39958
123.546420,17.675955,6.47,,40342
124.482345,-59.166825,6.47,,40655
129.792030,59.939126,6.47,,42434
133.977030,-15.439536,6.47,,43850
137.017350,32.540399,6.47,,44825
140.936985,-37.756900,6.47,,46075
146.419290,-57.186041,6.47,,47893
147.753330,-80.061059,6.47,,48320
153.776430,31.468066,6.47,,50218
155.369445,-23.710834,6.47,,50728
161.934690,-59.875257,6.47,,52806
167.065725,-29.972486,6.47,,54430
178.808610,36.756378,6.47,,58119
183.004215,28.536313,6.47,,59489
185.202990,15.540988,6.47,,60210
185.814030,-4.974503,6.47,,60418
192.059730,13.553018,6.47,,62478
206.304855,55.879349,6.47,,67103
212.192145,59.337649,6.47,,69107
214.203060,-8.884473,6.47,,69773
214.503015,-7.542388,6.47,,69881
214.732980,54.863753,6.47,,69958
228.322545,-24.008322,6.47,,74490
228.369555,-25.309347,6.47,,74500
228.961245,50.938456,6.47,,74690
228.973185,6.464840,6.47,,74695
242.152140,8.613176,6.47,,79086
250.235040,-8.309628,6.47,,81663
250.621230,-37.079353,6.47,,81803
251.526555,-46.531996,6.47,,82091
256.140420,-68.278694,6.47,,83556
262.594395,11.924015,6.47,,85666
263.827080,-22.043822,6.47,,86060
266.783490,47.612239,6.47,,87045
273.568080,-63.689682,6.47,,89370
278.902050,4.935988,6.47,,91142
280.377855,-48.094686,6.47,,91662
283.049745,-41.709195,6.47,,92608
284.227920,-62.801904,6.47,,93012
284.368635,58.225026,6.47,,93068
285.272640,19.309605,6.47,,93374
288.433440,5.515605,6.47,,94478
293.693100,63.434171,6.47,,96297
293.983110,50.238618,6.47,,96396
294.486255,49.284416,6.47,,96572
296.467635,-2.883453,6.47,,97244
297.209055,-12.319421,6.47,,97484
297.861825,4.088632,6.47,,97709
298.276605,-14.603203,6.47,,97849
298.771275,-33.046252,6.47,,98012
301.550940,-4.078210,6.47,,99024
302.039820,-52.577795,6.47,,99188
303.268410,-0.330796,6.47,,99624
303.384900,-47.713234,6.47,,99666
303.520320,36.604881,6.47,,99719
304.117305,37.056395,6.47,,99929
307.901100,34.330373,6.47,,101268
308.085060,2.132808,6.47,,101339
312.076725,-44.196832,6.47,,102670
314.852565,42.324466,6.47,,103596
317.343045,-36.705937,6.47,,104441
317.922240,-14.472378,6.47,,104634
320.982885,-25.202484,6.47,,105646
323.337840,-80.039361,6.47,,106424
323.691300,18.328929,6.47,,106550
323.857995,68.219290,6.47,,106604
325.915710,7.528657,6.47,,107271
341.220735,39.201027,6.47,,112305
342.937395,-59.881358,6.47,,112895
347.436390,-67.876284,6.47,,114367
347.550510,-66.857644,6.47,,114408
348.497325,19.633898,6.47,,114686
351.781050,-66.580886,6.47,,115756
353.869080,1.313142,6.47,,116422
357.205695,2.214413,6.47,,117445
357.592455,51.621663,6.47,,117551
359.389695,60.023600,6.47,,118116
6.158985,14.315514,6.48,,1948
15.362685,49.544220,6.48,,4786
15.576945,51.034938,6.48,,4844
29.496810,47.095520,6.48,,9163
32.395020,-24.345785,6.48,,10069
34.215480,57.055246,6.48,,10633
39.252150,24.647222,6.48,,12189
39.603405,-37.990545,6.48,,12300
40.870470,-2.531452,6.48,,12720
41.687925,-21.639521,6.48,,12964
45.986445,47.848480,6.48,,14264
53.718345,-25.582825,6.48,,16697
76.383750,19.806723,6.48,,23695
78.322785,37.337309,6.48,,24332
78.911700,-52.182179,6.48,,24520
81.247620,73.707198,6.48,,25322
86.894445,25.568623,6.48,,27353
89.309880,-53.425693,6.48,,28180
91.757805,-45.091510,6.48,,28988
92.347620,-49.562831,6.48,,29185
92.806755,60.453487,6.48,,29348
96.781605,-37.895507,6.48,,30706
97.069860,1.912679,6.48,,30798
99.595455,-23.580321,6.48,,31736
100.407330,35.931928,6.48,,32040
104.327100,37.394723,6.48,,33453
106.649850,-12.393949,6.48,,34297
109.427700,38.876265,6.48,,35317
120.649170,57.273627,6.48,,39348
122.825250,54.540238,6.48,,40086
123.025245,-43.400440,6.48,,40160
123.340725,-1.165885,6.48,,40263
128.166135,10.066008,6.48,,41904
128.332755,-38.370676,6.48,,41970
131.839455,-17.052878,6.48,,43152
132.437265,-21.048440,6.48,,43338
137.185515,-16.277321,6.48,,44888
137.437485,-49.424383,6.48,,44979
137.443440,11.564377,6.48,,44984
138.405255,21.283206,6.48,,45272
143.799300,-35.823750,6.48,,47039
147.921735,-11.340507,6.48,,48375
149.608530,27.758999,6.48,,48895
153.342915,-56.586697,6.48,,50069
154.334115,-46.834942,6.48,,50391
154.636845,43.048445,6.48,,50485
159.008370,80.494629,6.48,,51883
164.334195,-69.038055,6.48,,53556
165.557700,-41.114145,6.48,,53940
166.915440,23.323762,6.48,,54388
175.561860,-75.227317,6.48,,57092
176.815965,-30.286510,6.48,,57507
177.654945,-27.277936,6.48,,57749
181.069650,-51.472518,6.48,,58859
182.755080,-68.260966,6.48,,59389
185.828610,-11.812117,6.48,,60421
192.845535,-10.338219,6.48,,62743
194.242650,-54.587348,6.48,,63204
200.967255,-49.822811,6.48,,65372
202.888230,-28.112740,6.48,,65969
203.889270,10.204962,6.48,,66326
204.166230,49.486648,6.48,,66385
204.210720,-34.467839,6.48,,66405
208.285155,40.337977,6.48,,67778
214.229835,-77.664221,6.48,,69778
216.449040,-26.852241,6.48,,70538
226.391265,-30.550864,6.48,,73850
226.510065,-48.883391,6.48,,73881
235.793880,13.667666,6.48,,76985
243.189435,26.670583,6.48,,79441
249.390660,5.277526,6.48,,81404
250.615710,49.936441,6.48,,81800
254.673165,-14.869671,6.48,,83090
255.986550,-37.844143,6.48,,83499
261.009405,38.582782,6.48,,85149
261.791175,-15.853360,6.48,,85405
263.929455,-37.439878,6.48,,86098
265.185600,-67.854172,6.48,,86510
268.325850,-65.488601,6.48,,87564
268.979040,-18.802154,6.48,,87782
269.717940,45.476220,6.48,,88030
278.697885,10.892010,6.48,,91090
282.629880,-13.572262,6.48,,92456
283.848150,-37.386603,6.48,,92866
286.100640,-5.684843,6.48,,93666
290.373945,-34.983487,6.48,,95149
293.058465,-44.546387,6.48,,96095
310.850805,35.587801,6.48,,102276
316.666005,3.803119,6.48,,104202
319.164465,-1.607759,6.48,,105046
327.417060,41.148787,6.48,,107749
337.046370,27.018806,6.48,,110907
344.100075,-31.565567,6.48,,113283
349.483350,45.488924,6.48,,115036
0.142995,-53.097713,6.49,,50
3.978855,-75.911615,6.49,,1268
10.119090,-16.516676,6.49,,3175
12.515685,-43.394921,6.49,,3903
17.870715,10.291908,6.49,,5575
24.446670,64.739357,6.49,,7593
32.451915,-40.866501,6.49,,10096
33.065700,2.745551,6.49,,10273
52.048005,-35.853426,6.49,Chi-3 For,16156
52.098240,60.255672,6.49,,16177
53.704500,6.417691,6.49,,16695
53.988525,-5.124954,6.49,,16779
55.307490,-11.802418,6.49,,17214
56.210325,-48.061299,6.49,,17493
61.794735,74.000359,6.49,,19222
62.429190,3.322697,6.49,,19434
69.311580,18.543031,6.49,,21517
70.951020,32.865459,6.49,,22003
76.503840,35.936388,6.49,,23724
78.380295,62.691132,6.49,,24348
78.853620,-73.588475,6.49,,24507
79.848915,33.985421,6.49,,24832
80.009655,44.425383,6.49,,24881
80.330445,4.011948,6.49,,25011
80.799975,-26.705433,6.49,,25180
81.186675,36.199945,6.49,,25301
82.423425,-0.802512,6.49,,25732
84.878505,-9.706628,6.49,,26623
86.884365,63.598848,6.49,,27346
90.688050,47.809529,6.49,,28634
95.146500,-23.637963,6.49,,30141
102.434520,37.512748,6.49,,32746
105.163905,-9.202967,6.49,,33754
106.465140,70.731924,6.49,,34238
111.154665,-71.470657,6.49,,35946
117.419850,-19.505518,6.49,,38209
117.712905,4.459514,6.49,,38303
117.813930,37.082085,6.49,,38349
123.440220,-46.578684,6.49,,40299
126.740745,-52.704950,6.49,,41426
128.168775,-47.042108,6.49,,41905
132.981645,-40.986584,6.49,,43528
133.108905,-32.509322,6.49,,43573
134.862015,13.074391,6.49,,44148
138.073170,14.996037,6.49,Pi-1 Cnc,45170
143.296890,45.513758,6.49,,46879
146.125020,18.863492,6.49,,47779
146.842485,23.647686,6.49,,48023
156.437235,35.425430,6.49,,51047
158.911935,-18.568978,6.49,,51852
171.688845,3.013102,6.49,,55846
173.401440,2.499034,6.49,,56388
174.426300,77.595699,6.49,,56716
174.704700,64.346965,6.49,,56816
179.789040,-10.475896,6.49,,58450
179.989095,34.034748,6.49,,58512
181.521690,-32.961231,6.49,,59021
197.913345,-26.551722,6.49,,64375
199.212645,17.017182,6.49,,64797
202.007835,-26.402235,6.49,,65682
202.109325,40.729646,6.49,,65723
204.532860,14.301926,6.49,,66522
204.812145,51.804213,6.49,,66613
209.383665,61.492861,6.49,,68184
210.072630,-61.481028,6.49,,68413
216.170220,-11.669703,6.49,,70452
216.323310,-13.353163,6.49,,70501
218.711370,-20.439381,6.49,,71295
219.301755,-53.060788,6.49,,71494
222.384900,51.374503,6.49,,72508
226.983960,-61.128673,6.49,,74044
228.050055,-19.106482,6.49,,74391
230.854110,-46.140415,6.49,,75324
232.085970,-88.133010,6.49,,75736
232.959300,-32.881112,6.49,,76048
233.469615,17.137359,6.49,,76198
236.553570,-28.061481,6.49,,77235
247.203975,-8.128843,6.49,,80719
253.631475,-49.710800,6.49,,82723
261.520170,58.651895,6.49,,85317
277.026480,-84.387256,6.49,,90509
277.673550,20.815046,6.49,,90729
278.838870,-20.840442,6.49,,91132
279.518670,-14.004781,6.49,,91369
279.599160,-3.193640,6.49,,91394
280.533690,34.746307,6.49,,91707
282.164550,-6.004311,6.49,,92296
284.795685,-39.534712,6.49,,93209
284.871975,-70.468653,6.49,,93238
295.054980,60.507114,6.49,,96771
297.572835,7.902419,6.49,,97607
298.658595,-8.237048,6.49,,97967
298.831245,-6.734780,6.49,,98038
300.063990,26.187887,6.49,,98458
302.343180,56.026828,6.49,,99294
304.983510,46.837319,6.49,,100250
305.368245,-66.749690,6.49,,100379
306.134835,53.551934,6.49,,100651
308.541600,20.985185,6.49,,101505
311.577510,-36.120152,6.49,,102496
325.996200,-57.325247,6.49,,107299
327.283800,66.792032,6.49,,107710
341.617770,-49.685790,6.49,,112432
341.898705,-65.560252,6.49,,112533
349.207650,-41.194395,6.49,,114937
349.763730,-28.387846,6.49,,115121
355.011750,37.652644,6.49,,116781
357.648480,-47.376942,6.49,,117571
0.413955,73.611846,6.50,,128
3.142260,44.707195,6.50,,1009
4.176435,-20.210061,6.50,,1331
20.645130,-0.449673,6.50,,6429
21.468180,-3.927391,6.50,,6687
32.023695,-41.880420,6.50,,9951
33.389625,53.058589,6.50,,10361
34.919910,-4.345573,6.50,,10854
37.557165,-25.186442,6.50,,11644
47.753235,64.896266,6.50,,14791
51.150855,-51.062657,6.50,,15884
52.876215,40.759934,6.50,,16425
54.750255,20.915765,6.50,,17026
55.541145,-45.957888,6.50,,17298
67.694970,16.148696,6.50,,21053
73.993125,5.399024,6.50,,22923
82.950030,85.938528,6.50,,25911
83.364180,32.801180,6.50,,26054
86.373315,31.324825,6.50,,27164
90.767970,57.018314,6.50,,28656
96.753645,-4.355659,6.50,,30700
100.239900,-71.775192,6.50,,31977
106.456830,-10.660080,6.50,,34234
107.945205,16.976344,6.50,,34763
114.862425,-26.863102,6.50,,37293
115.838295,4.945762,6.50,,37634
116.614335,62.830522,6.50,,37934
118.016145,45.932989,6.50,,38403
119.964075,36.082075,6.50,,39094
121.816695,-17.368744,6.50,,39730
125.121345,53.574092,6.50,,40878
127.150170,-23.070981,6.50,,41572
127.922070,18.987732,6.50,,41833
142.449135,55.745233,6.50,,46566
143.326230,28.367940,6.50,,46891
145.319775,55.866491,6.50,,47521
145.779075,54.363703,6.50,,47664
148.250400,-55.373208,6.50,,48469
150.143955,-56.946108,6.50,,49052
151.530135,-52.187939,6.50,,49477
155.283165,-17.984959,6.50,,50693
159.689115,-59.262420,6.50,,52103
170.985630,-57.880437,6.50,,55645
183.776670,-29.237256,6.50,,59742
192.408510,48.740030,6.50,,62600
195.668490,59.716306,6.50,,63647
198.399765,36.887582,6.50,,64530
201.500580,63.261275,6.50,,65530
214.009995,45.566268,6.50,,69704
215.558355,29.369920,6.50,,70236
222.404400,-68.936190,6.50,,72518
224.264985,21.555419,6.50,,73156
228.196545,10.702305,6.50,,74441
229.594320,0.939409,6.50,,74895
230.688360,-29.341935,6.50,,75272
242.496615,-62.967154,6.50,,79208
244.430655,1.496714,6.50,,79834
255.059370,-44.988548,6.50,,83202
259.715625,-62.874577,6.50,,84700
260.142975,-19.333746,6.50,,84856
272.779830,60.409532,6.50,,89104
276.670530,26.449216,6.50,,90398
276.786945,-8.040406,6.50,,90437
282.744375,-41.062687,6.50,,92487
284.322240,62.396773,6.50,,93053
288.782985,83.462746,6.50,,94604
289.701705,19.610477,6.50,,94910
291.256380,-4.884536,6.50,,95453
294.574125,20.783391,6.50,,96601
298.162980,-54.976444,6.50,,97819
300.592095,22.151458,6.50,,98661
308.452305,41.772658,6.50,,101467
311.137770,69.751813,6.50,,102370
311.304675,-27.247280,6.50,,102414
312.407010,50.127082,6.50,,102804
315.587325,39.509035,6.50,,103822
315.702570,45.848890,6.50,,103871
315.748440,-0.924744,6.50,,103889
324.021000,15.081993,6.50,,106643
329.014320,-52.463760,6.50,,108268
329.748705,19.020302,6.50,,108513
331.460190,45.112504,6.50,,109079
333.291735,18.279812,6.50,,109691
333.576675,17.189344,6.50,,109788
352.881255,-4.087406,6.50,,116106
316.102740,-19.855641,6.50,,
